USE mealmind;

-- Category
INSERT INTO Category (CategoryID, CategoryName) VALUES (1, 'Century');
INSERT INTO Category (CategoryID, CategoryName) VALUES (2, 'College');
INSERT INTO Category (CategoryID, CategoryName) VALUES (3, 'Become');
INSERT INTO Category (CategoryID, CategoryName) VALUES (4, 'Just');
INSERT INTO Category (CategoryID, CategoryName) VALUES (5, 'Experience');
INSERT INTO Category (CategoryID, CategoryName) VALUES (6, 'Number');
INSERT INTO Category (CategoryID, CategoryName) VALUES (7, 'Ball');
INSERT INTO Category (CategoryID, CategoryName) VALUES (8, 'Development');
INSERT INTO Category (CategoryID, CategoryName) VALUES (9, 'Truth');
INSERT INTO Category (CategoryID, CategoryName) VALUES (10, 'Possible');
INSERT INTO Category (CategoryID, CategoryName) VALUES (11, 'Help');
INSERT INTO Category (CategoryID, CategoryName) VALUES (12, 'Should');
INSERT INTO Category (CategoryID, CategoryName) VALUES (13, 'Environment');
INSERT INTO Category (CategoryID, CategoryName) VALUES (14, 'Girl');
INSERT INTO Category (CategoryID, CategoryName) VALUES (15, 'Minute');
INSERT INTO Category (CategoryID, CategoryName) VALUES (16, 'Common');
INSERT INTO Category (CategoryID, CategoryName) VALUES (17, 'Which');
INSERT INTO Category (CategoryID, CategoryName) VALUES (18, 'Dinner');
INSERT INTO Category (CategoryID, CategoryName) VALUES (19, 'Current');
INSERT INTO Category (CategoryID, CategoryName) VALUES (20, 'Anything');
INSERT INTO Category (CategoryID, CategoryName) VALUES (21, 'Author');
INSERT INTO Category (CategoryID, CategoryName) VALUES (22, 'Low');
INSERT INTO Category (CategoryID, CategoryName) VALUES (23, 'Onto');
INSERT INTO Category (CategoryID, CategoryName) VALUES (24, 'Arrive');
INSERT INTO Category (CategoryID, CategoryName) VALUES (25, 'International');
INSERT INTO Category (CategoryID, CategoryName) VALUES (26, 'Population');
INSERT INTO Category (CategoryID, CategoryName) VALUES (27, 'Than');
INSERT INTO Category (CategoryID, CategoryName) VALUES (28, 'American');
INSERT INTO Category (CategoryID, CategoryName) VALUES (29, 'Never');
INSERT INTO Category (CategoryID, CategoryName) VALUES (30, 'Energy');

-- DemographicSegment
INSERT INTO DemographicSegment (SegmentID, Name, AgeMin, AgeMax, Region) VALUES (1, '35-45 Students', 35, 45, 'Howardview');
INSERT INTO DemographicSegment (SegmentID, Name, AgeMin, AgeMax, Region) VALUES (2, '18-33 Students', 18, 33, 'West Amy');
INSERT INTO DemographicSegment (SegmentID, Name, AgeMin, AgeMax, Region) VALUES (3, '35-50 Families', 35, 50, 'East Joshua');
INSERT INTO DemographicSegment (SegmentID, Name, AgeMin, AgeMax, Region) VALUES (4, '35-45 Students', 35, 45, 'Ballardland');
INSERT INTO DemographicSegment (SegmentID, Name, AgeMin, AgeMax, Region) VALUES (5, '18-33 Families', 18, 33, 'West Kim');
INSERT INTO DemographicSegment (SegmentID, Name, AgeMin, AgeMax, Region) VALUES (6, '35-45 Adults', 35, 45, 'Lake John');
INSERT INTO DemographicSegment (SegmentID, Name, AgeMin, AgeMax, Region) VALUES (7, '18-33 Families', 18, 33, 'West Julian');
INSERT INTO DemographicSegment (SegmentID, Name, AgeMin, AgeMax, Region) VALUES (8, '25-40 Students', 25, 40, 'East Mary');
INSERT INTO DemographicSegment (SegmentID, Name, AgeMin, AgeMax, Region) VALUES (9, '18-28 Families', 18, 28, 'Ryanside');
INSERT INTO DemographicSegment (SegmentID, Name, AgeMin, AgeMax, Region) VALUES (10, '25-35 Adults', 25, 35, 'Jasonmouth');
INSERT INTO DemographicSegment (SegmentID, Name, AgeMin, AgeMax, Region) VALUES (11, '35-45 Adults', 35, 45, 'Palmerberg');
INSERT INTO DemographicSegment (SegmentID, Name, AgeMin, AgeMax, Region) VALUES (12, '35-45 Adults', 35, 45, 'Lewisburgh');
INSERT INTO DemographicSegment (SegmentID, Name, AgeMin, AgeMax, Region) VALUES (13, '25-35 Families', 25, 35, 'Robertshaven');
INSERT INTO DemographicSegment (SegmentID, Name, AgeMin, AgeMax, Region) VALUES (14, '18-33 Students', 18, 33, 'Garciastad');
INSERT INTO DemographicSegment (SegmentID, Name, AgeMin, AgeMax, Region) VALUES (15, '25-35 Families', 25, 35, 'Edwardchester');
INSERT INTO DemographicSegment (SegmentID, Name, AgeMin, AgeMax, Region) VALUES (16, '35-45 Adults', 35, 45, 'North Roger');
INSERT INTO DemographicSegment (SegmentID, Name, AgeMin, AgeMax, Region) VALUES (17, '25-40 Students', 25, 40, 'South Jenniferborough');
INSERT INTO DemographicSegment (SegmentID, Name, AgeMin, AgeMax, Region) VALUES (18, '18-33 Families', 18, 33, 'East Valerie');
INSERT INTO DemographicSegment (SegmentID, Name, AgeMin, AgeMax, Region) VALUES (19, '35-50 Students', 35, 50, 'East Georgeberg');
INSERT INTO DemographicSegment (SegmentID, Name, AgeMin, AgeMax, Region) VALUES (20, '35-50 Adults', 35, 50, 'New Ashley');
INSERT INTO DemographicSegment (SegmentID, Name, AgeMin, AgeMax, Region) VALUES (21, '18-28 Students', 18, 28, 'North Lindaton');
INSERT INTO DemographicSegment (SegmentID, Name, AgeMin, AgeMax, Region) VALUES (22, '25-35 Students', 25, 35, 'Hartmanchester');
INSERT INTO DemographicSegment (SegmentID, Name, AgeMin, AgeMax, Region) VALUES (23, '35-45 Families', 35, 45, 'West Joseshire');
INSERT INTO DemographicSegment (SegmentID, Name, AgeMin, AgeMax, Region) VALUES (24, '35-45 Students', 35, 45, 'Juarezstad');
INSERT INTO DemographicSegment (SegmentID, Name, AgeMin, AgeMax, Region) VALUES (25, '18-28 Students', 18, 28, 'Hopkinsmouth');
INSERT INTO DemographicSegment (SegmentID, Name, AgeMin, AgeMax, Region) VALUES (26, '18-33 Families', 18, 33, 'Cindyside');
INSERT INTO DemographicSegment (SegmentID, Name, AgeMin, AgeMax, Region) VALUES (27, '18-28 Students', 18, 28, 'Sextonberg');
INSERT INTO DemographicSegment (SegmentID, Name, AgeMin, AgeMax, Region) VALUES (28, '25-40 Families', 25, 40, 'Summerville');
INSERT INTO DemographicSegment (SegmentID, Name, AgeMin, AgeMax, Region) VALUES (29, '25-35 Students', 25, 35, 'West Gregoryside');
INSERT INTO DemographicSegment (SegmentID, Name, AgeMin, AgeMax, Region) VALUES (30, '25-40 Families', 25, 40, 'Aaronmouth');

-- Ingredient
INSERT INTO Ingredient (IngredientID, CategoryID) VALUES (1, 20);
INSERT INTO Ingredient (IngredientID, CategoryID) VALUES (2, 30);
INSERT INTO Ingredient (IngredientID, CategoryID) VALUES (3, 15);
INSERT INTO Ingredient (IngredientID, CategoryID) VALUES (4, 19);
INSERT INTO Ingredient (IngredientID, CategoryID) VALUES (5, 14);
INSERT INTO Ingredient (IngredientID, CategoryID) VALUES (6, 21);
INSERT INTO Ingredient (IngredientID, CategoryID) VALUES (7, 6);
INSERT INTO Ingredient (IngredientID, CategoryID) VALUES (8, 10);
INSERT INTO Ingredient (IngredientID, CategoryID) VALUES (9, 22);
INSERT INTO Ingredient (IngredientID, CategoryID) VALUES (10, 3);
INSERT INTO Ingredient (IngredientID, CategoryID) VALUES (11, 21);
INSERT INTO Ingredient (IngredientID, CategoryID) VALUES (12, 25);
INSERT INTO Ingredient (IngredientID, CategoryID) VALUES (13, 28);
INSERT INTO Ingredient (IngredientID, CategoryID) VALUES (14, 1);
INSERT INTO Ingredient (IngredientID, CategoryID) VALUES (15, 15);
INSERT INTO Ingredient (IngredientID, CategoryID) VALUES (16, 16);
INSERT INTO Ingredient (IngredientID, CategoryID) VALUES (17, 29);
INSERT INTO Ingredient (IngredientID, CategoryID) VALUES (18, 21);
INSERT INTO Ingredient (IngredientID, CategoryID) VALUES (19, 27);
INSERT INTO Ingredient (IngredientID, CategoryID) VALUES (20, 20);
INSERT INTO Ingredient (IngredientID, CategoryID) VALUES (21, 6);
INSERT INTO Ingredient (IngredientID, CategoryID) VALUES (22, 20);
INSERT INTO Ingredient (IngredientID, CategoryID) VALUES (23, 27);
INSERT INTO Ingredient (IngredientID, CategoryID) VALUES (24, 22);
INSERT INTO Ingredient (IngredientID, CategoryID) VALUES (25, 18);
INSERT INTO Ingredient (IngredientID, CategoryID) VALUES (26, 10);
INSERT INTO Ingredient (IngredientID, CategoryID) VALUES (27, 7);
INSERT INTO Ingredient (IngredientID, CategoryID) VALUES (28, 1);
INSERT INTO Ingredient (IngredientID, CategoryID) VALUES (29, 16);
INSERT INTO Ingredient (IngredientID, CategoryID) VALUES (30, 2);
INSERT INTO Ingredient (IngredientID, CategoryID) VALUES (31, 14);
INSERT INTO Ingredient (IngredientID, CategoryID) VALUES (32, 20);
INSERT INTO Ingredient (IngredientID, CategoryID) VALUES (33, 8);
INSERT INTO Ingredient (IngredientID, CategoryID) VALUES (34, 11);
INSERT INTO Ingredient (IngredientID, CategoryID) VALUES (35, 30);
INSERT INTO Ingredient (IngredientID, CategoryID) VALUES (36, 15);
INSERT INTO Ingredient (IngredientID, CategoryID) VALUES (37, 24);
INSERT INTO Ingredient (IngredientID, CategoryID) VALUES (38, 13);
INSERT INTO Ingredient (IngredientID, CategoryID) VALUES (39, 22);
INSERT INTO Ingredient (IngredientID, CategoryID) VALUES (40, 27);

-- Recipe
INSERT INTO Recipe (RecipeId, Name, PrepTimeMinutes, DifficultyLevel, Instructions, Status, CreatedAt, LastUpdateAt) VALUES (1, 'Gas child', '60', 'Easy', 'More artist pass third. Family forget success pull including role thousand reflect. Industry president civil eat. Tv career arrive future thus anything.', 'Inactive', '2025-03-11 22:34:18', '2025-04-18 22:34:18');
INSERT INTO Recipe (RecipeId, Name, PrepTimeMinutes, DifficultyLevel, Instructions, Status, CreatedAt, LastUpdateAt) VALUES (2, 'Push son', '45', 'Hard', 'View finally least too guess. Company minute almost prove five size. Pretty serious field law carry guess.', 'Inactive', '2025-03-27 07:11:03', '2025-04-07 07:11:03');
INSERT INTO Recipe (RecipeId, Name, PrepTimeMinutes, DifficultyLevel, Instructions, Status, CreatedAt, LastUpdateAt) VALUES (3, 'Face available natural', '20', 'Hard', 'Line occur computer director letter. Policy help yes act blood but. Trip child machine truth. Often office daughter everything everybody relate success eight. Task what save sure act job less resource.', 'Inactive', '2025-04-03 06:29:42', '2025-05-03 06:29:42');
INSERT INTO Recipe (RecipeId, Name, PrepTimeMinutes, DifficultyLevel, Instructions, Status, CreatedAt, LastUpdateAt) VALUES (4, 'Find year same', '20', 'Easy', 'Well however charge imagine imagine. Recent executive see tend. Take maintain a. Much respond animal clearly.', 'Active', '2025-01-16 01:23:37', '2025-01-23 01:23:37');
INSERT INTO Recipe (RecipeId, Name, PrepTimeMinutes, DifficultyLevel, Instructions, Status, CreatedAt, LastUpdateAt) VALUES (5, 'Discuss free guy', '30', 'Hard', 'Until game treat course green everybody option. Agency which you source so feel present final. Second yet time lose. Report new red down remain. Story school involve figure edge.', 'Active', '2025-10-30 16:26:28', '2025-11-13 16:26:28');
INSERT INTO Recipe (RecipeId, Name, PrepTimeMinutes, DifficultyLevel, Instructions, Status, CreatedAt, LastUpdateAt) VALUES (6, 'Player side give', '30', 'Hard', 'Free study animal probably. Born some chance building control. Group indicate another.', 'Inactive', '2025-10-13 08:11:00', '2025-10-17 08:11:00');
INSERT INTO Recipe (RecipeId, Name, PrepTimeMinutes, DifficultyLevel, Instructions, Status, CreatedAt, LastUpdateAt) VALUES (7, 'Her student', '45', 'Medium', 'Provide unit home company education president participant. Generation customer behind itself. Thousand whose serve everyone usually rich last. Something design look. Although final rise man ability toward hold.', 'Active', '2025-05-21 18:07:06', '2025-05-21 18:07:06');
INSERT INTO Recipe (RecipeId, Name, PrepTimeMinutes, DifficultyLevel, Instructions, Status, CreatedAt, LastUpdateAt) VALUES (8, 'Whose hold director adult', '30', 'Easy', 'Wonder home accept. Down society themselves music common. Rather available drive draw another. Most someone agreement land career.', 'Active', '2025-11-01 19:13:44', '2025-11-28 19:13:44');
INSERT INTO Recipe (RecipeId, Name, PrepTimeMinutes, DifficultyLevel, Instructions, Status, CreatedAt, LastUpdateAt) VALUES (9, 'Generation hear', '30', 'Hard', 'Discussion out phone candidate court. Woman approach practice old program case. Fight wish chair blood.', 'Active', '2025-09-09 08:06:13', '2025-10-16 08:06:13');
INSERT INTO Recipe (RecipeId, Name, PrepTimeMinutes, DifficultyLevel, Instructions, Status, CreatedAt, LastUpdateAt) VALUES (10, 'Father them next', '45', 'Hard', 'Movie take style race. Television assume democratic again dream involve. Star every message protect today message. Say play before campaign exist line. Visit food growth main. Happen claim president rock.', 'Inactive', '2025-07-13 23:43:25', '2025-08-25 23:43:25');
INSERT INTO Recipe (RecipeId, Name, PrepTimeMinutes, DifficultyLevel, Instructions, Status, CreatedAt, LastUpdateAt) VALUES (11, 'Congress grow out', '30', 'Medium', 'Western usually the building feel toward ready age. Soon company imagine best gun front speak. Represent baby special worker still.', 'Active', '2025-11-17 19:36:36', '2025-12-12 19:36:36');
INSERT INTO Recipe (RecipeId, Name, PrepTimeMinutes, DifficultyLevel, Instructions, Status, CreatedAt, LastUpdateAt) VALUES (12, 'Include travel', '30', 'Easy', 'Anything hotel could mean music miss. Position prove administration artist everybody nearly. Recently politics stage black until office clear. Condition camera design.', 'Active', '2025-09-11 02:14:40', '2025-10-27 02:14:40');
INSERT INTO Recipe (RecipeId, Name, PrepTimeMinutes, DifficultyLevel, Instructions, Status, CreatedAt, LastUpdateAt) VALUES (13, 'Movie whatever', '30', 'Hard', 'Take head fire best attention population security. Environmental necessary almost home entire support attack. Parent television thus long maybe store various. Teacher responsibility whom require artist administration hope. Modern reason win difficult newspaper or enough. Debate write party.', 'Inactive', '2025-02-06 03:47:42', '2025-03-01 03:47:42');
INSERT INTO Recipe (RecipeId, Name, PrepTimeMinutes, DifficultyLevel, Instructions, Status, CreatedAt, LastUpdateAt) VALUES (14, 'Sell eat', '60', 'Easy', 'Coach bed smile speak class year work. But fine necessary chance trip they attorney. How up analysis member throughout hold also movement. Place reality create friend.', 'Active', '2025-10-07 08:04:57', '2025-11-25 08:04:57');
INSERT INTO Recipe (RecipeId, Name, PrepTimeMinutes, DifficultyLevel, Instructions, Status, CreatedAt, LastUpdateAt) VALUES (15, 'Huge', '20', 'Easy', 'What pay tax reason writer could resource. Month news significant evening possible environmental policy. Baby need live prove feel. Mouth realize likely pay right cut later.', 'Inactive', '2024-12-11 16:51:48', '2024-12-14 16:51:48');
INSERT INTO Recipe (RecipeId, Name, PrepTimeMinutes, DifficultyLevel, Instructions, Status, CreatedAt, LastUpdateAt) VALUES (16, 'Sign', '20', 'Hard', 'Notice sign learn machine school. Quality hospital continue. Door join fast during.', 'Active', '2025-04-11 05:01:06', '2025-05-06 05:01:06');
INSERT INTO Recipe (RecipeId, Name, PrepTimeMinutes, DifficultyLevel, Instructions, Status, CreatedAt, LastUpdateAt) VALUES (17, 'Sea size hand', '20', 'Easy', 'Clearly possible people of push. Save quickly bit believe crime kid whole sport. Task member cost party product toward what camera. Tell carry tough popular seat. Care center PM stand small according million. Fact media agreement carry actually participant.', 'Active', '2025-07-27 18:00:24', '2025-07-31 18:00:24');
INSERT INTO Recipe (RecipeId, Name, PrepTimeMinutes, DifficultyLevel, Instructions, Status, CreatedAt, LastUpdateAt) VALUES (18, 'Art', '15', 'Medium', 'Decide job sea avoid quality skill much. Everything throughout commercial thousand sense subject enough. Amount and debate later.', 'Inactive', '2024-12-09 18:56:56', '2024-12-20 18:56:56');
INSERT INTO Recipe (RecipeId, Name, PrepTimeMinutes, DifficultyLevel, Instructions, Status, CreatedAt, LastUpdateAt) VALUES (19, 'Hope control', '60', 'Easy', 'Rather two light. Dark light do amount number his growth. Speak type movie approach dream.', 'Inactive', '2025-02-01 03:23:47', '2025-04-02 03:23:47');
INSERT INTO Recipe (RecipeId, Name, PrepTimeMinutes, DifficultyLevel, Instructions, Status, CreatedAt, LastUpdateAt) VALUES (20, 'Exist will attack', '15', 'Medium', 'Team decision big its because first. Agreement summer smile wonder. Film inside many whole act job current. But piece treat edge science sell thought. If likely including. Part medical foot religious.', 'Active', '2025-09-03 03:42:55', '2025-10-02 03:42:55');
INSERT INTO Recipe (RecipeId, Name, PrepTimeMinutes, DifficultyLevel, Instructions, Status, CreatedAt, LastUpdateAt) VALUES (21, 'Also character', '30', 'Medium', 'Lay other test argue. Thank appear article local behind course. Sing them involve miss sound. Nor factor door church. Beyond western type strong get mouth.', 'Inactive', '2025-08-23 00:28:54', '2025-09-10 00:28:54');
INSERT INTO Recipe (RecipeId, Name, PrepTimeMinutes, DifficultyLevel, Instructions, Status, CreatedAt, LastUpdateAt) VALUES (22, 'Movement should cause', '45', 'Medium', 'Less training admit seek. Design community pretty grow. Voice majority television life teacher. Eight country fast out feel study your themselves. Evening city easy.', 'Inactive', '2025-03-17 13:13:58', '2025-05-05 13:13:58');
INSERT INTO Recipe (RecipeId, Name, PrepTimeMinutes, DifficultyLevel, Instructions, Status, CreatedAt, LastUpdateAt) VALUES (23, 'Environment', '60', 'Medium', 'Turn lead something majority day everybody. Cut weight public shoulder Republican. Push choice ability wind successful standard. Gun open college factor head. Left onto we fly pull.', 'Inactive', '2025-09-25 15:28:26', '2025-10-21 15:28:26');
INSERT INTO Recipe (RecipeId, Name, PrepTimeMinutes, DifficultyLevel, Instructions, Status, CreatedAt, LastUpdateAt) VALUES (24, 'Actually black campaign', '15', 'Hard', 'Everybody leave and provide want maybe man human. Space significant by mention wall help person. Unit song system effort. Assume able nice method discuss. Western fine ago.', 'Active', '2025-05-06 22:06:12', '2025-06-26 22:06:12');
INSERT INTO Recipe (RecipeId, Name, PrepTimeMinutes, DifficultyLevel, Instructions, Status, CreatedAt, LastUpdateAt) VALUES (25, 'Identify final sit', '45', 'Hard', 'Situation assume offer arrive magazine section can. Cost drug yourself happy finish group support. End seek outside fill how reduce five. Assume forward that show adult attention.', 'Inactive', '2025-09-22 22:17:01', '2025-09-26 22:17:01');
INSERT INTO Recipe (RecipeId, Name, PrepTimeMinutes, DifficultyLevel, Instructions, Status, CreatedAt, LastUpdateAt) VALUES (26, 'Father president skill mission', '45', 'Hard', 'Important firm point position nice we. Recently increase wear require. Recently whole manage week.', 'Active', '2025-01-20 18:53:53', '2025-03-03 18:53:53');
INSERT INTO Recipe (RecipeId, Name, PrepTimeMinutes, DifficultyLevel, Instructions, Status, CreatedAt, LastUpdateAt) VALUES (27, 'Can sit citizen ability', '20', 'Easy', 'Up interesting serve far couple. Turn save bill generation. Catch when surface move.', 'Active', '2025-08-28 03:08:18', '2025-09-20 03:08:18');
INSERT INTO Recipe (RecipeId, Name, PrepTimeMinutes, DifficultyLevel, Instructions, Status, CreatedAt, LastUpdateAt) VALUES (28, 'Foreign around', '60', 'Hard', 'Month various ten describe. Suggest consider window visit. Travel phone per purpose professor white middle. Prevent quality president relationship. Phone whose performance of whom.', 'Inactive', '2025-07-29 09:26:17', '2025-09-23 09:26:17');
INSERT INTO Recipe (RecipeId, Name, PrepTimeMinutes, DifficultyLevel, Instructions, Status, CreatedAt, LastUpdateAt) VALUES (29, 'Any card', '15', 'Hard', 'Hope product well interesting. Learn property air then expect continue. Better operation administration quality alone.', 'Active', '2025-01-02 01:15:57', '2025-02-09 01:15:57');
INSERT INTO Recipe (RecipeId, Name, PrepTimeMinutes, DifficultyLevel, Instructions, Status, CreatedAt, LastUpdateAt) VALUES (30, 'Another plant if', '45', 'Hard', 'Step central how must half hair fly plan. Stay option sure glass. Wonder half great home.', 'Inactive', '2025-05-02 19:29:25', '2025-06-09 19:29:25');
INSERT INTO Recipe (RecipeId, Name, PrepTimeMinutes, DifficultyLevel, Instructions, Status, CreatedAt, LastUpdateAt) VALUES (31, 'Usually blue hour', '20', 'Medium', 'Character value somebody city sometimes risk. Small probably response ago occur show street guess. Station minute unit politics. Policy produce might record perhaps fact positive. Eye establish think focus drug piece matter because.', 'Inactive', '2025-04-30 16:35:06', '2025-06-04 16:35:06');
INSERT INTO Recipe (RecipeId, Name, PrepTimeMinutes, DifficultyLevel, Instructions, Status, CreatedAt, LastUpdateAt) VALUES (32, 'Project you say', '15', 'Hard', 'Remain direction that. Later country attorney response. Sometimes more of area purpose individual own order. None high toward until drop address.', 'Active', '2025-01-16 04:20:06', '2025-03-06 04:20:06');
INSERT INTO Recipe (RecipeId, Name, PrepTimeMinutes, DifficultyLevel, Instructions, Status, CreatedAt, LastUpdateAt) VALUES (33, 'World', '20', 'Medium', 'Former he go growth. Thank pay than newspaper gun mention impact. Reflect president remember provide record never. Color suffer sense respond real. Level fear everything authority apply owner anyone.', 'Inactive', '2025-03-14 06:19:54', '2025-03-15 06:19:54');
INSERT INTO Recipe (RecipeId, Name, PrepTimeMinutes, DifficultyLevel, Instructions, Status, CreatedAt, LastUpdateAt) VALUES (34, 'Show', '15', 'Medium', 'Author argue seven tonight. Which customer hit everyone my. May stop past difficult lawyer. Everyone remain themselves account.', 'Active', '2024-12-13 05:16:39', '2025-01-03 05:16:39');
INSERT INTO Recipe (RecipeId, Name, PrepTimeMinutes, DifficultyLevel, Instructions, Status, CreatedAt, LastUpdateAt) VALUES (35, 'Media middle', '20', 'Hard', 'Shake above surface president still fine campaign already. Near military support specific red war. The subject reach herself class show wind. Again it teacher third energy world always. Explain day hold minute impact single traditional tax. Inside wall none news.', 'Active', '2025-04-01 13:02:17', '2025-05-21 13:02:17');
INSERT INTO Recipe (RecipeId, Name, PrepTimeMinutes, DifficultyLevel, Instructions, Status, CreatedAt, LastUpdateAt) VALUES (36, 'Sense buy', '45', 'Hard', 'Late against possible modern. Young improve country car that. Whom fight world such. Fire teach push story image last. Growth than eight including once good.', 'Inactive', '2025-11-29 02:46:46', '2026-01-07 02:46:46');
INSERT INTO Recipe (RecipeId, Name, PrepTimeMinutes, DifficultyLevel, Instructions, Status, CreatedAt, LastUpdateAt) VALUES (37, 'Whatever consumer', '45', 'Easy', 'Compare program though fish across walk work include. Per citizen finally coach each area commercial kind. Sense future happy available know.', 'Inactive', '2025-05-08 17:33:59', '2025-06-04 17:33:59');
INSERT INTO Recipe (RecipeId, Name, PrepTimeMinutes, DifficultyLevel, Instructions, Status, CreatedAt, LastUpdateAt) VALUES (38, 'Color air send', '45', 'Medium', 'Exactly glass recent thousand rise product pull. Environment life each plan baby tend require box. Law official high study have few. Large certain market science result pattern. Realize whether pull item.', 'Active', '2025-03-21 16:14:26', '2025-04-13 16:14:26');
INSERT INTO Recipe (RecipeId, Name, PrepTimeMinutes, DifficultyLevel, Instructions, Status, CreatedAt, LastUpdateAt) VALUES (39, 'Away court', '30', 'Easy', 'Employee remain word wrong. Approach with room remember food modern. Friend throughout professional gas leave ball much.', 'Inactive', '2025-04-12 06:24:24', '2025-06-02 06:24:24');
INSERT INTO Recipe (RecipeId, Name, PrepTimeMinutes, DifficultyLevel, Instructions, Status, CreatedAt, LastUpdateAt) VALUES (40, 'Keep choose wait listen', '15', 'Medium', 'Hospital save condition hold student hospital. Project place hundred simple. Company newspaper message see authority other yourself she.', 'Active', '2024-12-28 16:08:04', '2025-01-10 16:08:04');

-- TimePeriod
INSERT INTO TimePeriod (PeriodID, StartDate, EndDate, Granularity) VALUES (1, '2025-07-15', '2025-08-14', 'Monthly');
INSERT INTO TimePeriod (PeriodID, StartDate, EndDate, Granularity) VALUES (2, '2025-06-04', '2025-07-04', 'Monthly');
INSERT INTO TimePeriod (PeriodID, StartDate, EndDate, Granularity) VALUES (3, '2025-08-29', '2025-09-28', 'Monthly');
INSERT INTO TimePeriod (PeriodID, StartDate, EndDate, Granularity) VALUES (4, '2025-08-07', '2025-09-06', 'Monthly');
INSERT INTO TimePeriod (PeriodID, StartDate, EndDate, Granularity) VALUES (5, '2025-08-13', '2025-09-12', 'Monthly');
INSERT INTO TimePeriod (PeriodID, StartDate, EndDate, Granularity) VALUES (6, '2025-06-26', '2025-07-26', 'Monthly');
INSERT INTO TimePeriod (PeriodID, StartDate, EndDate, Granularity) VALUES (7, '2025-10-29', '2025-11-28', 'Monthly');
INSERT INTO TimePeriod (PeriodID, StartDate, EndDate, Granularity) VALUES (8, '2025-10-03', '2025-11-02', 'Monthly');
INSERT INTO TimePeriod (PeriodID, StartDate, EndDate, Granularity) VALUES (9, '2025-09-04', '2025-10-04', 'Monthly');
INSERT INTO TimePeriod (PeriodID, StartDate, EndDate, Granularity) VALUES (10, '2025-06-03', '2025-07-03', 'Monthly');
INSERT INTO TimePeriod (PeriodID, StartDate, EndDate, Granularity) VALUES (11, '2025-09-24', '2025-10-24', 'Monthly');
INSERT INTO TimePeriod (PeriodID, StartDate, EndDate, Granularity) VALUES (12, '2025-06-27', '2025-07-27', 'Monthly');
INSERT INTO TimePeriod (PeriodID, StartDate, EndDate, Granularity) VALUES (13, '2025-06-14', '2025-07-14', 'Monthly');
INSERT INTO TimePeriod (PeriodID, StartDate, EndDate, Granularity) VALUES (14, '2025-10-03', '2025-11-02', 'Monthly');
INSERT INTO TimePeriod (PeriodID, StartDate, EndDate, Granularity) VALUES (15, '2025-07-21', '2025-08-20', 'Monthly');
INSERT INTO TimePeriod (PeriodID, StartDate, EndDate, Granularity) VALUES (16, '2025-08-27', '2025-09-26', 'Monthly');
INSERT INTO TimePeriod (PeriodID, StartDate, EndDate, Granularity) VALUES (17, '2025-07-15', '2025-08-14', 'Monthly');
INSERT INTO TimePeriod (PeriodID, StartDate, EndDate, Granularity) VALUES (18, '2025-08-11', '2025-09-10', 'Monthly');
INSERT INTO TimePeriod (PeriodID, StartDate, EndDate, Granularity) VALUES (19, '2025-09-11', '2025-10-11', 'Monthly');
INSERT INTO TimePeriod (PeriodID, StartDate, EndDate, Granularity) VALUES (20, '2025-09-29', '2025-10-29', 'Monthly');
INSERT INTO TimePeriod (PeriodID, StartDate, EndDate, Granularity) VALUES (21, '2025-08-25', '2025-09-24', 'Monthly');
INSERT INTO TimePeriod (PeriodID, StartDate, EndDate, Granularity) VALUES (22, '2025-08-08', '2025-09-07', 'Monthly');
INSERT INTO TimePeriod (PeriodID, StartDate, EndDate, Granularity) VALUES (23, '2025-10-31', '2025-11-30', 'Monthly');
INSERT INTO TimePeriod (PeriodID, StartDate, EndDate, Granularity) VALUES (24, '2025-10-20', '2025-11-19', 'Monthly');
INSERT INTO TimePeriod (PeriodID, StartDate, EndDate, Granularity) VALUES (25, '2025-09-06', '2025-10-06', 'Monthly');
INSERT INTO TimePeriod (PeriodID, StartDate, EndDate, Granularity) VALUES (26, '2025-08-27', '2025-09-26', 'Monthly');
INSERT INTO TimePeriod (PeriodID, StartDate, EndDate, Granularity) VALUES (27, '2025-10-28', '2025-11-27', 'Monthly');
INSERT INTO TimePeriod (PeriodID, StartDate, EndDate, Granularity) VALUES (28, '2025-06-28', '2025-07-28', 'Monthly');
INSERT INTO TimePeriod (PeriodID, StartDate, EndDate, Granularity) VALUES (29, '2025-09-25', '2025-10-25', 'Monthly');
INSERT INTO TimePeriod (PeriodID, StartDate, EndDate, Granularity) VALUES (30, '2025-06-15', '2025-07-15', 'Monthly');

-- User
INSERT INTO User (UserID, Email, Region, FName, LName, Age) VALUES (1, 'nataliescott@example.org', 'West Jason', 'Cindy', 'Myers', 55);
INSERT INTO User (UserID, Email, Region, FName, LName, Age) VALUES (2, 'brandon77@example.org', 'South Danielle', 'David', 'Miller', 25);
INSERT INTO User (UserID, Email, Region, FName, LName, Age) VALUES (3, 'jerrycollins@example.org', 'Townsendtown', 'Leon', 'Morales', 22);
INSERT INTO User (UserID, Email, Region, FName, LName, Age) VALUES (4, 'hyang@example.org', 'South Alanside', 'Ryan', 'Daniel', 27);
INSERT INTO User (UserID, Email, Region, FName, LName, Age) VALUES (5, 'fbridges@example.org', 'Briannamouth', 'Christopher', 'Wright', 31);
INSERT INTO User (UserID, Email, Region, FName, LName, Age) VALUES (6, 'jeffreyschwartz@example.org', 'Lake Jacqueline', 'Jerry', 'Ross', 34);
INSERT INTO User (UserID, Email, Region, FName, LName, Age) VALUES (7, 'kathleenmoore@example.com', 'Port Nathanbury', 'Ryan', 'Stuart', 61);
INSERT INTO User (UserID, Email, Region, FName, LName, Age) VALUES (8, 'mwagner@example.com', 'Heatherview', 'Carla', 'Ortiz', 52);
INSERT INTO User (UserID, Email, Region, FName, LName, Age) VALUES (9, 'samanthagarrison@example.net', 'Krystaltown', 'Trevor', 'Chapman', 18);
INSERT INTO User (UserID, Email, Region, FName, LName, Age) VALUES (10, 'simsmegan@example.com', 'West Joel', 'Scott', 'Andrews', 29);
INSERT INTO User (UserID, Email, Region, FName, LName, Age) VALUES (11, 'kathryn42@example.org', 'Kathleenstad', 'Hannah', 'Meyer', 25);
INSERT INTO User (UserID, Email, Region, FName, LName, Age) VALUES (12, 'todd87@example.net', 'Harperside', 'Sabrina', 'Walker', 58);
INSERT INTO User (UserID, Email, Region, FName, LName, Age) VALUES (13, 'evanrobertson@example.org', 'Parkerberg', 'Kaitlin', 'Ortiz', 61);
INSERT INTO User (UserID, Email, Region, FName, LName, Age) VALUES (14, 'chrissanchez@example.net', 'East Samuelview', 'Sabrina', 'Fletcher', 23);
INSERT INTO User (UserID, Email, Region, FName, LName, Age) VALUES (15, 'jacob50@example.net', 'Ericville', 'Toni', 'Shelton', 54);
INSERT INTO User (UserID, Email, Region, FName, LName, Age) VALUES (16, 'shawn02@example.net', 'Greenfurt', 'Walter', 'Brown', 19);
INSERT INTO User (UserID, Email, Region, FName, LName, Age) VALUES (17, 'tcarr@example.net', 'Lake Christineshire', 'Bradley', 'Brooks', 31);
INSERT INTO User (UserID, Email, Region, FName, LName, Age) VALUES (18, 'megan83@example.org', 'East Michaelmouth', 'Erin', 'Reynolds', 57);
INSERT INTO User (UserID, Email, Region, FName, LName, Age) VALUES (19, 'lgonzalez@example.com', 'Lake Amandamouth', 'Douglas', 'Garcia', 25);
INSERT INTO User (UserID, Email, Region, FName, LName, Age) VALUES (20, 'gregory15@example.com', 'Annburgh', 'Lisa', 'Sampson', 23);
INSERT INTO User (UserID, Email, Region, FName, LName, Age) VALUES (21, 'utapia@example.com', 'West Sherri', 'Daniel', 'Peterson', 22);
INSERT INTO User (UserID, Email, Region, FName, LName, Age) VALUES (22, 'alejandro26@example.org', 'Watsonview', 'Stephen', 'Steele', 62);
INSERT INTO User (UserID, Email, Region, FName, LName, Age) VALUES (23, 'hallcynthia@example.com', 'Langfurt', 'John', 'Carpenter', 48);
INSERT INTO User (UserID, Email, Region, FName, LName, Age) VALUES (24, 'crawfordandrea@example.net', 'Lake David', 'Gregory', 'Carter', 26);
INSERT INTO User (UserID, Email, Region, FName, LName, Age) VALUES (25, 'paulacruz@example.org', 'New Leah', 'Stephen', 'Sanchez', 51);
INSERT INTO User (UserID, Email, Region, FName, LName, Age) VALUES (26, 'othomas@example.net', 'West Lawrenceshire', 'Willie', 'Rivera', 46);
INSERT INTO User (UserID, Email, Region, FName, LName, Age) VALUES (27, 'tfarmer@example.net', 'New Ericside', 'Laura', 'Quinn', 20);
INSERT INTO User (UserID, Email, Region, FName, LName, Age) VALUES (28, 'garzabecky@example.net', 'North Kristinaborough', 'Paul', 'Allen', 58);
INSERT INTO User (UserID, Email, Region, FName, LName, Age) VALUES (29, 'melanie91@example.org', 'New Julia', 'Shannon', 'Ortega', 38);
INSERT INTO User (UserID, Email, Region, FName, LName, Age) VALUES (30, 'hilljessica@example.org', 'Brucefurt', 'John', 'Calderon', 32);
INSERT INTO User (UserID, Email, Region, FName, LName, Age) VALUES (31, 'guyrobinson@example.net', 'Port Sandra', 'Carla', 'Bennett', 22);
INSERT INTO User (UserID, Email, Region, FName, LName, Age) VALUES (32, 'kevinbernard@example.net', 'Campbellfort', 'Anna', 'Pratt', 59);
INSERT INTO User (UserID, Email, Region, FName, LName, Age) VALUES (33, 'vwarren@example.org', 'Webstershire', 'Erica', 'Powell', 37);
INSERT INTO User (UserID, Email, Region, FName, LName, Age) VALUES (34, 'david92@example.net', 'East David', 'Richard', 'Kelly', 38);
INSERT INTO User (UserID, Email, Region, FName, LName, Age) VALUES (35, 'morganerin@example.net', 'Robinsonstad', 'Brian', 'Mueller', 24);
INSERT INTO User (UserID, Email, Region, FName, LName, Age) VALUES (36, 'jameshancock@example.org', 'North Jason', 'Karl', 'Davis', 42);
INSERT INTO User (UserID, Email, Region, FName, LName, Age) VALUES (37, 'yphillips@example.com', 'Jonathanmouth', 'Michael', 'Gallagher', 26);
INSERT INTO User (UserID, Email, Region, FName, LName, Age) VALUES (38, 'martinbrittney@example.net', 'Lake Michaelmouth', 'Paul', 'Ramos', 29);
INSERT INTO User (UserID, Email, Region, FName, LName, Age) VALUES (39, 'corybecker@example.net', 'Hansenmouth', 'Brenda', 'Wagner', 29);
INSERT INTO User (UserID, Email, Region, FName, LName, Age) VALUES (40, 'cwilliams@example.net', 'South Samuelfurt', 'Lucas', 'Ponce', 45);

-- SystemMetric
INSERT INTO SystemMetric (MetricID, Name, Description) VALUES (1, 'Active Users 1', 'Resource statement month could something prevent attack.');
INSERT INTO SystemMetric (MetricID, Name, Description) VALUES (2, 'Active Users 2', 'Along Congress against affect individual institution.');
INSERT INTO SystemMetric (MetricID, Name, Description) VALUES (3, 'API Latency 3', 'Between hit sit father record speak remain very.');
INSERT INTO SystemMetric (MetricID, Name, Description) VALUES (4, 'DB Storage 4', 'Sure production marriage statement despite.');
INSERT INTO SystemMetric (MetricID, Name, Description) VALUES (5, 'Active Users 5', 'Establish economic way music.');
INSERT INTO SystemMetric (MetricID, Name, Description) VALUES (6, 'DB Storage 6', 'Rest activity back health sound ok.');
INSERT INTO SystemMetric (MetricID, Name, Description) VALUES (7, 'Active Users 7', 'Vote reach hold since arrive avoid.');
INSERT INTO SystemMetric (MetricID, Name, Description) VALUES (8, 'Error Rate 8', 'Or large entire others let together require.');
INSERT INTO SystemMetric (MetricID, Name, Description) VALUES (9, 'API Latency 9', 'Hand cover focus among way Mrs important.');
INSERT INTO SystemMetric (MetricID, Name, Description) VALUES (10, 'Active Users 10', 'Knowledge week table shoulder rate.');
INSERT INTO SystemMetric (MetricID, Name, Description) VALUES (11, 'DB Storage 11', 'Upon wife police their a begin.');
INSERT INTO SystemMetric (MetricID, Name, Description) VALUES (12, 'DB Storage 12', 'Want arrive anyone child operation activity.');
INSERT INTO SystemMetric (MetricID, Name, Description) VALUES (13, 'Active Users 13', 'There just mother.');
INSERT INTO SystemMetric (MetricID, Name, Description) VALUES (14, 'API Latency 14', 'Cell because attack field yourself black computer.');
INSERT INTO SystemMetric (MetricID, Name, Description) VALUES (15, 'Active Users 15', 'Travel short today choice.');
INSERT INTO SystemMetric (MetricID, Name, Description) VALUES (16, 'Active Users 16', 'Policy ability reflect like heavy modern a.');
INSERT INTO SystemMetric (MetricID, Name, Description) VALUES (17, 'DB Storage 17', 'Figure worker which poor.');
INSERT INTO SystemMetric (MetricID, Name, Description) VALUES (18, 'DB Storage 18', 'Early lay guess recognize TV ready.');
INSERT INTO SystemMetric (MetricID, Name, Description) VALUES (19, 'DB Storage 19', 'Day him return such conference me sing recognize.');
INSERT INTO SystemMetric (MetricID, Name, Description) VALUES (20, 'Error Rate 20', 'Animal mother attorney public federal force investment.');
INSERT INTO SystemMetric (MetricID, Name, Description) VALUES (21, 'API Latency 21', 'Clearly prevent week poor education eye.');
INSERT INTO SystemMetric (MetricID, Name, Description) VALUES (22, 'API Latency 22', 'Key rock despite address own.');
INSERT INTO SystemMetric (MetricID, Name, Description) VALUES (23, 'API Latency 23', 'Key arm just here day choose nothing.');
INSERT INTO SystemMetric (MetricID, Name, Description) VALUES (24, 'Active Users 24', 'State traditional television would let among feeling.');
INSERT INTO SystemMetric (MetricID, Name, Description) VALUES (25, 'Active Users 25', 'Thing cup our develop project foreign least debate.');
INSERT INTO SystemMetric (MetricID, Name, Description) VALUES (26, 'DB Storage 26', 'Yes seven heavy performance low by example.');
INSERT INTO SystemMetric (MetricID, Name, Description) VALUES (27, 'DB Storage 27', 'Better every trial son.');
INSERT INTO SystemMetric (MetricID, Name, Description) VALUES (28, 'Active Users 28', 'Quite lead anyone follow fall against grow.');
INSERT INTO SystemMetric (MetricID, Name, Description) VALUES (29, 'API Latency 29', 'Above society budget get fly worry.');
INSERT INTO SystemMetric (MetricID, Name, Description) VALUES (30, 'API Latency 30', 'Show health five cause.');

-- WasteStatistic
INSERT INTO WasteStatistic (WasteStatID, IngredientID, PeriodID, SegmentID, WastedAmount, WasteRatePercent) VALUES (1, 16, 9, 11, 33.04, 3.63);
INSERT INTO WasteStatistic (WasteStatID, IngredientID, PeriodID, SegmentID, WastedAmount, WasteRatePercent) VALUES (2, 16, 5, 21, 23.15, 52.86);
INSERT INTO WasteStatistic (WasteStatID, IngredientID, PeriodID, SegmentID, WastedAmount, WasteRatePercent) VALUES (3, 26, 15, 15, 13.96, 45.06);
INSERT INTO WasteStatistic (WasteStatID, IngredientID, PeriodID, SegmentID, WastedAmount, WasteRatePercent) VALUES (4, 26, 6, 25, 15.51, 49.15);
INSERT INTO WasteStatistic (WasteStatID, IngredientID, PeriodID, SegmentID, WastedAmount, WasteRatePercent) VALUES (5, 1, 5, 10, 27.0, 35.55);
INSERT INTO WasteStatistic (WasteStatID, IngredientID, PeriodID, SegmentID, WastedAmount, WasteRatePercent) VALUES (6, 15, 18, 14, 34.21, 8.55);
INSERT INTO WasteStatistic (WasteStatID, IngredientID, PeriodID, SegmentID, WastedAmount, WasteRatePercent) VALUES (7, 2, 7, 8, 30.79, 98.63);
INSERT INTO WasteStatistic (WasteStatID, IngredientID, PeriodID, SegmentID, WastedAmount, WasteRatePercent) VALUES (8, 17, 22, 10, 22.43, 49.32);
INSERT INTO WasteStatistic (WasteStatID, IngredientID, PeriodID, SegmentID, WastedAmount, WasteRatePercent) VALUES (9, 22, 25, 22, 25.92, 51.36);
INSERT INTO WasteStatistic (WasteStatID, IngredientID, PeriodID, SegmentID, WastedAmount, WasteRatePercent) VALUES (10, 14, 26, 13, 38.45, 66.8);
INSERT INTO WasteStatistic (WasteStatID, IngredientID, PeriodID, SegmentID, WastedAmount, WasteRatePercent) VALUES (11, 10, 22, 21, 7.33, 68.81);
INSERT INTO WasteStatistic (WasteStatID, IngredientID, PeriodID, SegmentID, WastedAmount, WasteRatePercent) VALUES (12, 2, 16, 27, 34.29, 13.59);
INSERT INTO WasteStatistic (WasteStatID, IngredientID, PeriodID, SegmentID, WastedAmount, WasteRatePercent) VALUES (13, 12, 20, 12, 15.24, 2.04);
INSERT INTO WasteStatistic (WasteStatID, IngredientID, PeriodID, SegmentID, WastedAmount, WasteRatePercent) VALUES (14, 10, 21, 23, 3.77, 16.79);
INSERT INTO WasteStatistic (WasteStatID, IngredientID, PeriodID, SegmentID, WastedAmount, WasteRatePercent) VALUES (15, 21, 22, 25, 24.83, 1.83);
INSERT INTO WasteStatistic (WasteStatID, IngredientID, PeriodID, SegmentID, WastedAmount, WasteRatePercent) VALUES (16, 8, 18, 26, 22.51, 22.06);
INSERT INTO WasteStatistic (WasteStatID, IngredientID, PeriodID, SegmentID, WastedAmount, WasteRatePercent) VALUES (17, 5, 2, 7, 8.79, 36.07);
INSERT INTO WasteStatistic (WasteStatID, IngredientID, PeriodID, SegmentID, WastedAmount, WasteRatePercent) VALUES (18, 40, 25, 29, 3.74, 9.38);
INSERT INTO WasteStatistic (WasteStatID, IngredientID, PeriodID, SegmentID, WastedAmount, WasteRatePercent) VALUES (19, 15, 21, 4, 48.61, 76.57);
INSERT INTO WasteStatistic (WasteStatID, IngredientID, PeriodID, SegmentID, WastedAmount, WasteRatePercent) VALUES (20, 30, 4, 17, 12.21, 85.51);
INSERT INTO WasteStatistic (WasteStatID, IngredientID, PeriodID, SegmentID, WastedAmount, WasteRatePercent) VALUES (21, 14, 8, 7, 34.02, 10.55);
INSERT INTO WasteStatistic (WasteStatID, IngredientID, PeriodID, SegmentID, WastedAmount, WasteRatePercent) VALUES (22, 8, 4, 25, 35.31, 68.4);
INSERT INTO WasteStatistic (WasteStatID, IngredientID, PeriodID, SegmentID, WastedAmount, WasteRatePercent) VALUES (23, 15, 19, 5, 2.91, 16.49);
INSERT INTO WasteStatistic (WasteStatID, IngredientID, PeriodID, SegmentID, WastedAmount, WasteRatePercent) VALUES (24, 15, 13, 29, 41.22, 88.28);
INSERT INTO WasteStatistic (WasteStatID, IngredientID, PeriodID, SegmentID, WastedAmount, WasteRatePercent) VALUES (25, 7, 21, 11, 40.17, 64.38);
INSERT INTO WasteStatistic (WasteStatID, IngredientID, PeriodID, SegmentID, WastedAmount, WasteRatePercent) VALUES (26, 39, 11, 2, 29.92, 21.2);
INSERT INTO WasteStatistic (WasteStatID, IngredientID, PeriodID, SegmentID, WastedAmount, WasteRatePercent) VALUES (27, 25, 15, 4, 3.59, 19.02);
INSERT INTO WasteStatistic (WasteStatID, IngredientID, PeriodID, SegmentID, WastedAmount, WasteRatePercent) VALUES (28, 36, 24, 24, 27.72, 42.85);
INSERT INTO WasteStatistic (WasteStatID, IngredientID, PeriodID, SegmentID, WastedAmount, WasteRatePercent) VALUES (29, 32, 22, 9, 46.31, 72.11);
INSERT INTO WasteStatistic (WasteStatID, IngredientID, PeriodID, SegmentID, WastedAmount, WasteRatePercent) VALUES (30, 8, 30, 25, 34.51, 29.86);
INSERT INTO WasteStatistic (WasteStatID, IngredientID, PeriodID, SegmentID, WastedAmount, WasteRatePercent) VALUES (31, 19, 30, 18, 22.38, 26.84);
INSERT INTO WasteStatistic (WasteStatID, IngredientID, PeriodID, SegmentID, WastedAmount, WasteRatePercent) VALUES (32, 32, 27, 8, 40.92, 78.51);
INSERT INTO WasteStatistic (WasteStatID, IngredientID, PeriodID, SegmentID, WastedAmount, WasteRatePercent) VALUES (33, 35, 24, 5, 18.52, 19.19);
INSERT INTO WasteStatistic (WasteStatID, IngredientID, PeriodID, SegmentID, WastedAmount, WasteRatePercent) VALUES (34, 2, 27, 17, 33.92, 25.31);
INSERT INTO WasteStatistic (WasteStatID, IngredientID, PeriodID, SegmentID, WastedAmount, WasteRatePercent) VALUES (35, 16, 22, 18, 7.77, 73.31);
INSERT INTO WasteStatistic (WasteStatID, IngredientID, PeriodID, SegmentID, WastedAmount, WasteRatePercent) VALUES (36, 30, 16, 21, 42.51, 10.24);
INSERT INTO WasteStatistic (WasteStatID, IngredientID, PeriodID, SegmentID, WastedAmount, WasteRatePercent) VALUES (37, 30, 24, 30, 38.32, 16.06);
INSERT INTO WasteStatistic (WasteStatID, IngredientID, PeriodID, SegmentID, WastedAmount, WasteRatePercent) VALUES (38, 3, 17, 10, 29.16, 22.54);
INSERT INTO WasteStatistic (WasteStatID, IngredientID, PeriodID, SegmentID, WastedAmount, WasteRatePercent) VALUES (39, 26, 26, 25, 6.4, 50.19);
INSERT INTO WasteStatistic (WasteStatID, IngredientID, PeriodID, SegmentID, WastedAmount, WasteRatePercent) VALUES (40, 4, 20, 16, 23.74, 35.51);
INSERT INTO WasteStatistic (WasteStatID, IngredientID, PeriodID, SegmentID, WastedAmount, WasteRatePercent) VALUES (41, 24, 28, 30, 9.58, 98.88);
INSERT INTO WasteStatistic (WasteStatID, IngredientID, PeriodID, SegmentID, WastedAmount, WasteRatePercent) VALUES (42, 39, 21, 28, 17.42, 25.14);
INSERT INTO WasteStatistic (WasteStatID, IngredientID, PeriodID, SegmentID, WastedAmount, WasteRatePercent) VALUES (43, 19, 11, 4, 44.27, 73.94);
INSERT INTO WasteStatistic (WasteStatID, IngredientID, PeriodID, SegmentID, WastedAmount, WasteRatePercent) VALUES (44, 14, 7, 22, 46.11, 96.28);
INSERT INTO WasteStatistic (WasteStatID, IngredientID, PeriodID, SegmentID, WastedAmount, WasteRatePercent) VALUES (45, 22, 1, 6, 7.42, 50.89);
INSERT INTO WasteStatistic (WasteStatID, IngredientID, PeriodID, SegmentID, WastedAmount, WasteRatePercent) VALUES (46, 5, 29, 17, 33.36, 24.48);
INSERT INTO WasteStatistic (WasteStatID, IngredientID, PeriodID, SegmentID, WastedAmount, WasteRatePercent) VALUES (47, 27, 5, 12, 36.29, 60.66);
INSERT INTO WasteStatistic (WasteStatID, IngredientID, PeriodID, SegmentID, WastedAmount, WasteRatePercent) VALUES (48, 38, 12, 11, 28.16, 80.32);
INSERT INTO WasteStatistic (WasteStatID, IngredientID, PeriodID, SegmentID, WastedAmount, WasteRatePercent) VALUES (49, 29, 24, 9, 23.6, 62.93);
INSERT INTO WasteStatistic (WasteStatID, IngredientID, PeriodID, SegmentID, WastedAmount, WasteRatePercent) VALUES (50, 30, 25, 15, 42.41, 78.58);
INSERT INTO WasteStatistic (WasteStatID, IngredientID, PeriodID, SegmentID, WastedAmount, WasteRatePercent) VALUES (51, 35, 16, 25, 0.83, 64.62);
INSERT INTO WasteStatistic (WasteStatID, IngredientID, PeriodID, SegmentID, WastedAmount, WasteRatePercent) VALUES (52, 11, 13, 17, 7.61, 87.0);
INSERT INTO WasteStatistic (WasteStatID, IngredientID, PeriodID, SegmentID, WastedAmount, WasteRatePercent) VALUES (53, 14, 13, 14, 28.81, 44.18);
INSERT INTO WasteStatistic (WasteStatID, IngredientID, PeriodID, SegmentID, WastedAmount, WasteRatePercent) VALUES (54, 27, 21, 18, 28.06, 54.44);
INSERT INTO WasteStatistic (WasteStatID, IngredientID, PeriodID, SegmentID, WastedAmount, WasteRatePercent) VALUES (55, 33, 11, 29, 48.73, 71.5);
INSERT INTO WasteStatistic (WasteStatID, IngredientID, PeriodID, SegmentID, WastedAmount, WasteRatePercent) VALUES (56, 38, 8, 6, 17.0, 1.4);
INSERT INTO WasteStatistic (WasteStatID, IngredientID, PeriodID, SegmentID, WastedAmount, WasteRatePercent) VALUES (57, 30, 22, 26, 27.09, 31.28);
INSERT INTO WasteStatistic (WasteStatID, IngredientID, PeriodID, SegmentID, WastedAmount, WasteRatePercent) VALUES (58, 38, 8, 30, 24.74, 21.58);
INSERT INTO WasteStatistic (WasteStatID, IngredientID, PeriodID, SegmentID, WastedAmount, WasteRatePercent) VALUES (59, 17, 13, 6, 6.03, 70.79);
INSERT INTO WasteStatistic (WasteStatID, IngredientID, PeriodID, SegmentID, WastedAmount, WasteRatePercent) VALUES (60, 33, 1, 15, 15.72, 34.05);
INSERT INTO WasteStatistic (WasteStatID, IngredientID, PeriodID, SegmentID, WastedAmount, WasteRatePercent) VALUES (61, 34, 8, 29, 29.0, 46.53);
INSERT INTO WasteStatistic (WasteStatID, IngredientID, PeriodID, SegmentID, WastedAmount, WasteRatePercent) VALUES (62, 40, 1, 12, 21.92, 86.74);
INSERT INTO WasteStatistic (WasteStatID, IngredientID, PeriodID, SegmentID, WastedAmount, WasteRatePercent) VALUES (63, 8, 8, 4, 14.43, 92.14);
INSERT INTO WasteStatistic (WasteStatID, IngredientID, PeriodID, SegmentID, WastedAmount, WasteRatePercent) VALUES (64, 11, 19, 25, 28.7, 61.61);
INSERT INTO WasteStatistic (WasteStatID, IngredientID, PeriodID, SegmentID, WastedAmount, WasteRatePercent) VALUES (65, 33, 20, 10, 28.83, 40.47);
INSERT INTO WasteStatistic (WasteStatID, IngredientID, PeriodID, SegmentID, WastedAmount, WasteRatePercent) VALUES (66, 38, 4, 21, 27.44, 19.31);
INSERT INTO WasteStatistic (WasteStatID, IngredientID, PeriodID, SegmentID, WastedAmount, WasteRatePercent) VALUES (67, 23, 18, 12, 43.11, 8.67);
INSERT INTO WasteStatistic (WasteStatID, IngredientID, PeriodID, SegmentID, WastedAmount, WasteRatePercent) VALUES (68, 12, 19, 25, 28.49, 63.57);
INSERT INTO WasteStatistic (WasteStatID, IngredientID, PeriodID, SegmentID, WastedAmount, WasteRatePercent) VALUES (69, 33, 26, 28, 18.41, 47.05);
INSERT INTO WasteStatistic (WasteStatID, IngredientID, PeriodID, SegmentID, WastedAmount, WasteRatePercent) VALUES (70, 15, 12, 10, 47.94, 85.08);
INSERT INTO WasteStatistic (WasteStatID, IngredientID, PeriodID, SegmentID, WastedAmount, WasteRatePercent) VALUES (71, 14, 2, 24, 0.08, 59.86);
INSERT INTO WasteStatistic (WasteStatID, IngredientID, PeriodID, SegmentID, WastedAmount, WasteRatePercent) VALUES (72, 17, 26, 12, 21.92, 74.21);
INSERT INTO WasteStatistic (WasteStatID, IngredientID, PeriodID, SegmentID, WastedAmount, WasteRatePercent) VALUES (73, 9, 19, 22, 9.75, 12.41);
INSERT INTO WasteStatistic (WasteStatID, IngredientID, PeriodID, SegmentID, WastedAmount, WasteRatePercent) VALUES (74, 17, 18, 11, 31.98, 70.64);
INSERT INTO WasteStatistic (WasteStatID, IngredientID, PeriodID, SegmentID, WastedAmount, WasteRatePercent) VALUES (75, 33, 5, 8, 5.09, 37.97);
INSERT INTO WasteStatistic (WasteStatID, IngredientID, PeriodID, SegmentID, WastedAmount, WasteRatePercent) VALUES (76, 4, 1, 18, 3.83, 42.7);
INSERT INTO WasteStatistic (WasteStatID, IngredientID, PeriodID, SegmentID, WastedAmount, WasteRatePercent) VALUES (77, 37, 30, 16, 40.34, 28.6);
INSERT INTO WasteStatistic (WasteStatID, IngredientID, PeriodID, SegmentID, WastedAmount, WasteRatePercent) VALUES (78, 28, 28, 28, 9.32, 68.27);
INSERT INTO WasteStatistic (WasteStatID, IngredientID, PeriodID, SegmentID, WastedAmount, WasteRatePercent) VALUES (79, 28, 11, 24, 30.71, 67.1);
INSERT INTO WasteStatistic (WasteStatID, IngredientID, PeriodID, SegmentID, WastedAmount, WasteRatePercent) VALUES (80, 6, 2, 9, 34.7, 65.22);
INSERT INTO WasteStatistic (WasteStatID, IngredientID, PeriodID, SegmentID, WastedAmount, WasteRatePercent) VALUES (81, 23, 8, 29, 28.47, 95.4);
INSERT INTO WasteStatistic (WasteStatID, IngredientID, PeriodID, SegmentID, WastedAmount, WasteRatePercent) VALUES (82, 28, 17, 12, 2.12, 55.71);
INSERT INTO WasteStatistic (WasteStatID, IngredientID, PeriodID, SegmentID, WastedAmount, WasteRatePercent) VALUES (83, 14, 18, 13, 26.67, 67.79);
INSERT INTO WasteStatistic (WasteStatID, IngredientID, PeriodID, SegmentID, WastedAmount, WasteRatePercent) VALUES (84, 30, 13, 27, 1.04, 91.59);
INSERT INTO WasteStatistic (WasteStatID, IngredientID, PeriodID, SegmentID, WastedAmount, WasteRatePercent) VALUES (85, 2, 12, 10, 16.28, 49.69);
INSERT INTO WasteStatistic (WasteStatID, IngredientID, PeriodID, SegmentID, WastedAmount, WasteRatePercent) VALUES (86, 30, 11, 10, 25.88, 15.55);
INSERT INTO WasteStatistic (WasteStatID, IngredientID, PeriodID, SegmentID, WastedAmount, WasteRatePercent) VALUES (87, 10, 8, 7, 16.28, 89.36);
INSERT INTO WasteStatistic (WasteStatID, IngredientID, PeriodID, SegmentID, WastedAmount, WasteRatePercent) VALUES (88, 9, 3, 23, 43.05, 86.01);
INSERT INTO WasteStatistic (WasteStatID, IngredientID, PeriodID, SegmentID, WastedAmount, WasteRatePercent) VALUES (89, 10, 3, 15, 28.69, 70.74);
INSERT INTO WasteStatistic (WasteStatID, IngredientID, PeriodID, SegmentID, WastedAmount, WasteRatePercent) VALUES (90, 1, 18, 30, 16.26, 27.52);
INSERT INTO WasteStatistic (WasteStatID, IngredientID, PeriodID, SegmentID, WastedAmount, WasteRatePercent) VALUES (91, 13, 11, 17, 21.82, 43.31);
INSERT INTO WasteStatistic (WasteStatID, IngredientID, PeriodID, SegmentID, WastedAmount, WasteRatePercent) VALUES (92, 17, 15, 27, 19.96, 37.75);
INSERT INTO WasteStatistic (WasteStatID, IngredientID, PeriodID, SegmentID, WastedAmount, WasteRatePercent) VALUES (93, 29, 26, 22, 2.16, 6.58);
INSERT INTO WasteStatistic (WasteStatID, IngredientID, PeriodID, SegmentID, WastedAmount, WasteRatePercent) VALUES (94, 26, 7, 20, 36.12, 39.57);
INSERT INTO WasteStatistic (WasteStatID, IngredientID, PeriodID, SegmentID, WastedAmount, WasteRatePercent) VALUES (95, 24, 10, 30, 34.11, 55.73);
INSERT INTO WasteStatistic (WasteStatID, IngredientID, PeriodID, SegmentID, WastedAmount, WasteRatePercent) VALUES (96, 26, 1, 23, 45.74, 28.37);
INSERT INTO WasteStatistic (WasteStatID, IngredientID, PeriodID, SegmentID, WastedAmount, WasteRatePercent) VALUES (97, 6, 13, 9, 1.43, 31.76);
INSERT INTO WasteStatistic (WasteStatID, IngredientID, PeriodID, SegmentID, WastedAmount, WasteRatePercent) VALUES (98, 9, 22, 8, 5.62, 55.44);
INSERT INTO WasteStatistic (WasteStatID, IngredientID, PeriodID, SegmentID, WastedAmount, WasteRatePercent) VALUES (99, 7, 7, 14, 34.31, 5.47);
INSERT INTO WasteStatistic (WasteStatID, IngredientID, PeriodID, SegmentID, WastedAmount, WasteRatePercent) VALUES (100, 23, 13, 7, 45.34, 9.83);
INSERT INTO WasteStatistic (WasteStatID, IngredientID, PeriodID, SegmentID, WastedAmount, WasteRatePercent) VALUES (101, 27, 9, 29, 21.9, 61.79);
INSERT INTO WasteStatistic (WasteStatID, IngredientID, PeriodID, SegmentID, WastedAmount, WasteRatePercent) VALUES (102, 36, 6, 1, 47.4, 91.95);
INSERT INTO WasteStatistic (WasteStatID, IngredientID, PeriodID, SegmentID, WastedAmount, WasteRatePercent) VALUES (103, 22, 30, 5, 16.71, 63.88);
INSERT INTO WasteStatistic (WasteStatID, IngredientID, PeriodID, SegmentID, WastedAmount, WasteRatePercent) VALUES (104, 1, 10, 29, 19.76, 38.29);
INSERT INTO WasteStatistic (WasteStatID, IngredientID, PeriodID, SegmentID, WastedAmount, WasteRatePercent) VALUES (105, 3, 10, 17, 24.09, 88.59);
INSERT INTO WasteStatistic (WasteStatID, IngredientID, PeriodID, SegmentID, WastedAmount, WasteRatePercent) VALUES (106, 13, 23, 16, 1.3, 32.42);
INSERT INTO WasteStatistic (WasteStatID, IngredientID, PeriodID, SegmentID, WastedAmount, WasteRatePercent) VALUES (107, 12, 19, 8, 38.9, 77.24);
INSERT INTO WasteStatistic (WasteStatID, IngredientID, PeriodID, SegmentID, WastedAmount, WasteRatePercent) VALUES (108, 30, 28, 9, 39.98, 96.52);
INSERT INTO WasteStatistic (WasteStatID, IngredientID, PeriodID, SegmentID, WastedAmount, WasteRatePercent) VALUES (109, 9, 7, 18, 29.55, 31.82);
INSERT INTO WasteStatistic (WasteStatID, IngredientID, PeriodID, SegmentID, WastedAmount, WasteRatePercent) VALUES (110, 15, 10, 29, 0.06, 40.96);
INSERT INTO WasteStatistic (WasteStatID, IngredientID, PeriodID, SegmentID, WastedAmount, WasteRatePercent) VALUES (111, 18, 7, 6, 5.15, 76.87);
INSERT INTO WasteStatistic (WasteStatID, IngredientID, PeriodID, SegmentID, WastedAmount, WasteRatePercent) VALUES (112, 37, 29, 3, 36.03, 82.78);
INSERT INTO WasteStatistic (WasteStatID, IngredientID, PeriodID, SegmentID, WastedAmount, WasteRatePercent) VALUES (113, 37, 10, 3, 0.91, 28.71);
INSERT INTO WasteStatistic (WasteStatID, IngredientID, PeriodID, SegmentID, WastedAmount, WasteRatePercent) VALUES (114, 31, 25, 17, 32.8, 86.34);
INSERT INTO WasteStatistic (WasteStatID, IngredientID, PeriodID, SegmentID, WastedAmount, WasteRatePercent) VALUES (115, 31, 9, 21, 28.64, 26.21);
INSERT INTO WasteStatistic (WasteStatID, IngredientID, PeriodID, SegmentID, WastedAmount, WasteRatePercent) VALUES (116, 24, 12, 4, 16.14, 45.66);
INSERT INTO WasteStatistic (WasteStatID, IngredientID, PeriodID, SegmentID, WastedAmount, WasteRatePercent) VALUES (117, 33, 19, 24, 48.84, 20.59);
INSERT INTO WasteStatistic (WasteStatID, IngredientID, PeriodID, SegmentID, WastedAmount, WasteRatePercent) VALUES (118, 21, 19, 21, 22.96, 50.84);
INSERT INTO WasteStatistic (WasteStatID, IngredientID, PeriodID, SegmentID, WastedAmount, WasteRatePercent) VALUES (119, 30, 20, 8, 27.13, 71.97);
INSERT INTO WasteStatistic (WasteStatID, IngredientID, PeriodID, SegmentID, WastedAmount, WasteRatePercent) VALUES (120, 6, 13, 4, 7.74, 2.94);
INSERT INTO WasteStatistic (WasteStatID, IngredientID, PeriodID, SegmentID, WastedAmount, WasteRatePercent) VALUES (121, 12, 15, 5, 6.16, 99.86);
INSERT INTO WasteStatistic (WasteStatID, IngredientID, PeriodID, SegmentID, WastedAmount, WasteRatePercent) VALUES (122, 16, 23, 29, 39.17, 83.25);
INSERT INTO WasteStatistic (WasteStatID, IngredientID, PeriodID, SegmentID, WastedAmount, WasteRatePercent) VALUES (123, 37, 3, 6, 28.1, 19.93);
INSERT INTO WasteStatistic (WasteStatID, IngredientID, PeriodID, SegmentID, WastedAmount, WasteRatePercent) VALUES (124, 13, 24, 7, 12.61, 38.45);
INSERT INTO WasteStatistic (WasteStatID, IngredientID, PeriodID, SegmentID, WastedAmount, WasteRatePercent) VALUES (125, 40, 2, 26, 26.75, 66.02);
INSERT INTO WasteStatistic (WasteStatID, IngredientID, PeriodID, SegmentID, WastedAmount, WasteRatePercent) VALUES (126, 13, 5, 24, 28.59, 9.46);
INSERT INTO WasteStatistic (WasteStatID, IngredientID, PeriodID, SegmentID, WastedAmount, WasteRatePercent) VALUES (127, 27, 3, 11, 17.58, 4.39);
INSERT INTO WasteStatistic (WasteStatID, IngredientID, PeriodID, SegmentID, WastedAmount, WasteRatePercent) VALUES (128, 4, 22, 27, 35.52, 1.65);
INSERT INTO WasteStatistic (WasteStatID, IngredientID, PeriodID, SegmentID, WastedAmount, WasteRatePercent) VALUES (129, 17, 24, 28, 14.29, 82.12);
INSERT INTO WasteStatistic (WasteStatID, IngredientID, PeriodID, SegmentID, WastedAmount, WasteRatePercent) VALUES (130, 14, 1, 6, 41.97, 91.56);
INSERT INTO WasteStatistic (WasteStatID, IngredientID, PeriodID, SegmentID, WastedAmount, WasteRatePercent) VALUES (131, 26, 24, 14, 42.55, 60.15);
INSERT INTO WasteStatistic (WasteStatID, IngredientID, PeriodID, SegmentID, WastedAmount, WasteRatePercent) VALUES (132, 7, 4, 11, 32.6, 39.28);
INSERT INTO WasteStatistic (WasteStatID, IngredientID, PeriodID, SegmentID, WastedAmount, WasteRatePercent) VALUES (133, 30, 25, 16, 40.17, 64.03);
INSERT INTO WasteStatistic (WasteStatID, IngredientID, PeriodID, SegmentID, WastedAmount, WasteRatePercent) VALUES (134, 37, 9, 30, 16.36, 83.76);
INSERT INTO WasteStatistic (WasteStatID, IngredientID, PeriodID, SegmentID, WastedAmount, WasteRatePercent) VALUES (135, 6, 28, 5, 35.89, 51.96);
INSERT INTO WasteStatistic (WasteStatID, IngredientID, PeriodID, SegmentID, WastedAmount, WasteRatePercent) VALUES (136, 11, 27, 8, 35.64, 43.35);
INSERT INTO WasteStatistic (WasteStatID, IngredientID, PeriodID, SegmentID, WastedAmount, WasteRatePercent) VALUES (137, 2, 26, 1, 8.12, 86.89);
INSERT INTO WasteStatistic (WasteStatID, IngredientID, PeriodID, SegmentID, WastedAmount, WasteRatePercent) VALUES (138, 29, 29, 15, 39.01, 50.64);
INSERT INTO WasteStatistic (WasteStatID, IngredientID, PeriodID, SegmentID, WastedAmount, WasteRatePercent) VALUES (139, 28, 11, 27, 10.84, 57.45);
INSERT INTO WasteStatistic (WasteStatID, IngredientID, PeriodID, SegmentID, WastedAmount, WasteRatePercent) VALUES (140, 2, 13, 11, 23.55, 73.0);
INSERT INTO WasteStatistic (WasteStatID, IngredientID, PeriodID, SegmentID, WastedAmount, WasteRatePercent) VALUES (141, 4, 3, 26, 47.52, 65.96);
INSERT INTO WasteStatistic (WasteStatID, IngredientID, PeriodID, SegmentID, WastedAmount, WasteRatePercent) VALUES (142, 6, 14, 21, 23.85, 97.39);
INSERT INTO WasteStatistic (WasteStatID, IngredientID, PeriodID, SegmentID, WastedAmount, WasteRatePercent) VALUES (143, 16, 15, 22, 48.71, 39.89);
INSERT INTO WasteStatistic (WasteStatID, IngredientID, PeriodID, SegmentID, WastedAmount, WasteRatePercent) VALUES (144, 33, 28, 1, 17.91, 47.8);
INSERT INTO WasteStatistic (WasteStatID, IngredientID, PeriodID, SegmentID, WastedAmount, WasteRatePercent) VALUES (145, 37, 17, 22, 16.44, 21.79);
INSERT INTO WasteStatistic (WasteStatID, IngredientID, PeriodID, SegmentID, WastedAmount, WasteRatePercent) VALUES (146, 7, 9, 10, 49.31, 55.57);
INSERT INTO WasteStatistic (WasteStatID, IngredientID, PeriodID, SegmentID, WastedAmount, WasteRatePercent) VALUES (147, 6, 10, 28, 45.6, 34.16);
INSERT INTO WasteStatistic (WasteStatID, IngredientID, PeriodID, SegmentID, WastedAmount, WasteRatePercent) VALUES (148, 27, 27, 11, 36.95, 97.22);
INSERT INTO WasteStatistic (WasteStatID, IngredientID, PeriodID, SegmentID, WastedAmount, WasteRatePercent) VALUES (149, 32, 16, 19, 35.37, 21.23);
INSERT INTO WasteStatistic (WasteStatID, IngredientID, PeriodID, SegmentID, WastedAmount, WasteRatePercent) VALUES (150, 3, 4, 20, 37.44, 2.99);

-- RecipeIngredient
INSERT INTO RecipeIngredient (RecipeID, IngredientID, RequiredQuantity, Unit) VALUES (38, 36, 1.18, 'kg');
INSERT INTO RecipeIngredient (RecipeID, IngredientID, RequiredQuantity, Unit) VALUES (15, 31, 2.17, 'oz');
INSERT INTO RecipeIngredient (RecipeID, IngredientID, RequiredQuantity, Unit) VALUES (16, 1, 0.24, 'oz');
INSERT INTO RecipeIngredient (RecipeID, IngredientID, RequiredQuantity, Unit) VALUES (10, 22, 2.18, 'g');
INSERT INTO RecipeIngredient (RecipeID, IngredientID, RequiredQuantity, Unit) VALUES (38, 34, 1.65, 'tbsp');
INSERT INTO RecipeIngredient (RecipeID, IngredientID, RequiredQuantity, Unit) VALUES (26, 38, 1.26, 'tsp');
INSERT INTO RecipeIngredient (RecipeID, IngredientID, RequiredQuantity, Unit) VALUES (6, 21, 2.81, 'tsp');
INSERT INTO RecipeIngredient (RecipeID, IngredientID, RequiredQuantity, Unit) VALUES (27, 20, 0.66, 'lb');
INSERT INTO RecipeIngredient (RecipeID, IngredientID, RequiredQuantity, Unit) VALUES (40, 34, 2.9, 'oz');
INSERT INTO RecipeIngredient (RecipeID, IngredientID, RequiredQuantity, Unit) VALUES (23, 1, 2.4, 'lb');
INSERT INTO RecipeIngredient (RecipeID, IngredientID, RequiredQuantity, Unit) VALUES (7, 19, 0.68, 'oz');
INSERT INTO RecipeIngredient (RecipeID, IngredientID, RequiredQuantity, Unit) VALUES (23, 2, 1.36, 'oz');
INSERT INTO RecipeIngredient (RecipeID, IngredientID, RequiredQuantity, Unit) VALUES (4, 17, 0.56, 'lb');
INSERT INTO RecipeIngredient (RecipeID, IngredientID, RequiredQuantity, Unit) VALUES (25, 5, 2.87, 'cup');
INSERT INTO RecipeIngredient (RecipeID, IngredientID, RequiredQuantity, Unit) VALUES (3, 28, 2.85, 'oz');
INSERT INTO RecipeIngredient (RecipeID, IngredientID, RequiredQuantity, Unit) VALUES (9, 5, 2.34, 'oz');
INSERT INTO RecipeIngredient (RecipeID, IngredientID, RequiredQuantity, Unit) VALUES (33, 22, 1.65, 'oz');
INSERT INTO RecipeIngredient (RecipeID, IngredientID, RequiredQuantity, Unit) VALUES (13, 23, 1.38, 'tsp');
INSERT INTO RecipeIngredient (RecipeID, IngredientID, RequiredQuantity, Unit) VALUES (4, 7, 2.84, 'kg');
INSERT INTO RecipeIngredient (RecipeID, IngredientID, RequiredQuantity, Unit) VALUES (10, 33, 2.04, 'lb');
INSERT INTO RecipeIngredient (RecipeID, IngredientID, RequiredQuantity, Unit) VALUES (25, 14, 0.71, 'oz');
INSERT INTO RecipeIngredient (RecipeID, IngredientID, RequiredQuantity, Unit) VALUES (11, 4, 0.3, 'kg');
INSERT INTO RecipeIngredient (RecipeID, IngredientID, RequiredQuantity, Unit) VALUES (26, 35, 2.98, 'tsp');
INSERT INTO RecipeIngredient (RecipeID, IngredientID, RequiredQuantity, Unit) VALUES (17, 3, 0.69, 'tsp');
INSERT INTO RecipeIngredient (RecipeID, IngredientID, RequiredQuantity, Unit) VALUES (6, 3, 2.04, 'tsp');
INSERT INTO RecipeIngredient (RecipeID, IngredientID, RequiredQuantity, Unit) VALUES (38, 27, 1.44, 'lb');
INSERT INTO RecipeIngredient (RecipeID, IngredientID, RequiredQuantity, Unit) VALUES (32, 31, 1.53, 'oz');
INSERT INTO RecipeIngredient (RecipeID, IngredientID, RequiredQuantity, Unit) VALUES (24, 38, 1.6, 'lb');
INSERT INTO RecipeIngredient (RecipeID, IngredientID, RequiredQuantity, Unit) VALUES (2, 4, 0.26, 'lb');
INSERT INTO RecipeIngredient (RecipeID, IngredientID, RequiredQuantity, Unit) VALUES (13, 7, 1.54, 'tbsp');
INSERT INTO RecipeIngredient (RecipeID, IngredientID, RequiredQuantity, Unit) VALUES (37, 18, 2.4, 'kg');
INSERT INTO RecipeIngredient (RecipeID, IngredientID, RequiredQuantity, Unit) VALUES (35, 40, 2.24, 'tbsp');
INSERT INTO RecipeIngredient (RecipeID, IngredientID, RequiredQuantity, Unit) VALUES (11, 6, 2.43, 'tsp');
INSERT INTO RecipeIngredient (RecipeID, IngredientID, RequiredQuantity, Unit) VALUES (40, 19, 2.71, 'tbsp');
INSERT INTO RecipeIngredient (RecipeID, IngredientID, RequiredQuantity, Unit) VALUES (26, 21, 0.45, 'tbsp');
INSERT INTO RecipeIngredient (RecipeID, IngredientID, RequiredQuantity, Unit) VALUES (14, 12, 1.69, 'g');
INSERT INTO RecipeIngredient (RecipeID, IngredientID, RequiredQuantity, Unit) VALUES (33, 11, 1.66, 'tbsp');
INSERT INTO RecipeIngredient (RecipeID, IngredientID, RequiredQuantity, Unit) VALUES (14, 38, 2.73, 'oz');
INSERT INTO RecipeIngredient (RecipeID, IngredientID, RequiredQuantity, Unit) VALUES (16, 13, 1.22, 'lb');
INSERT INTO RecipeIngredient (RecipeID, IngredientID, RequiredQuantity, Unit) VALUES (11, 1, 2.13, 'tsp');
INSERT INTO RecipeIngredient (RecipeID, IngredientID, RequiredQuantity, Unit) VALUES (39, 1, 1.93, 'cup');
INSERT INTO RecipeIngredient (RecipeID, IngredientID, RequiredQuantity, Unit) VALUES (17, 29, 1.29, 'lb');
INSERT INTO RecipeIngredient (RecipeID, IngredientID, RequiredQuantity, Unit) VALUES (5, 16, 1.22, 'tbsp');
INSERT INTO RecipeIngredient (RecipeID, IngredientID, RequiredQuantity, Unit) VALUES (21, 26, 1.5, 'kg');
INSERT INTO RecipeIngredient (RecipeID, IngredientID, RequiredQuantity, Unit) VALUES (4, 18, 1.74, 'oz');
INSERT INTO RecipeIngredient (RecipeID, IngredientID, RequiredQuantity, Unit) VALUES (31, 22, 1.54, 'lb');
INSERT INTO RecipeIngredient (RecipeID, IngredientID, RequiredQuantity, Unit) VALUES (17, 25, 2.76, 'oz');
INSERT INTO RecipeIngredient (RecipeID, IngredientID, RequiredQuantity, Unit) VALUES (26, 7, 2.53, 'g');
INSERT INTO RecipeIngredient (RecipeID, IngredientID, RequiredQuantity, Unit) VALUES (36, 39, 0.87, 'cup');
INSERT INTO RecipeIngredient (RecipeID, IngredientID, RequiredQuantity, Unit) VALUES (17, 20, 1.03, 'kg');
INSERT INTO RecipeIngredient (RecipeID, IngredientID, RequiredQuantity, Unit) VALUES (5, 33, 1.16, 'tsp');
INSERT INTO RecipeIngredient (RecipeID, IngredientID, RequiredQuantity, Unit) VALUES (3, 24, 2.75, 'tsp');
INSERT INTO RecipeIngredient (RecipeID, IngredientID, RequiredQuantity, Unit) VALUES (24, 18, 2.4, 'kg');
INSERT INTO RecipeIngredient (RecipeID, IngredientID, RequiredQuantity, Unit) VALUES (31, 19, 0.7, 'tbsp');
INSERT INTO RecipeIngredient (RecipeID, IngredientID, RequiredQuantity, Unit) VALUES (12, 37, 1.46, 'lb');
INSERT INTO RecipeIngredient (RecipeID, IngredientID, RequiredQuantity, Unit) VALUES (12, 2, 2.59, 'tbsp');
INSERT INTO RecipeIngredient (RecipeID, IngredientID, RequiredQuantity, Unit) VALUES (28, 6, 0.6, 'tbsp');
INSERT INTO RecipeIngredient (RecipeID, IngredientID, RequiredQuantity, Unit) VALUES (23, 21, 0.17, 'tbsp');
INSERT INTO RecipeIngredient (RecipeID, IngredientID, RequiredQuantity, Unit) VALUES (13, 30, 1.25, 'tsp');
INSERT INTO RecipeIngredient (RecipeID, IngredientID, RequiredQuantity, Unit) VALUES (30, 21, 0.67, 'tsp');
INSERT INTO RecipeIngredient (RecipeID, IngredientID, RequiredQuantity, Unit) VALUES (35, 31, 0.23, 'tbsp');
INSERT INTO RecipeIngredient (RecipeID, IngredientID, RequiredQuantity, Unit) VALUES (27, 19, 1.16, 'cup');
INSERT INTO RecipeIngredient (RecipeID, IngredientID, RequiredQuantity, Unit) VALUES (30, 10, 2.25, 'g');
INSERT INTO RecipeIngredient (RecipeID, IngredientID, RequiredQuantity, Unit) VALUES (35, 39, 0.6, 'kg');
INSERT INTO RecipeIngredient (RecipeID, IngredientID, RequiredQuantity, Unit) VALUES (7, 2, 1.11, 'tsp');
INSERT INTO RecipeIngredient (RecipeID, IngredientID, RequiredQuantity, Unit) VALUES (23, 17, 1.8, 'lb');
INSERT INTO RecipeIngredient (RecipeID, IngredientID, RequiredQuantity, Unit) VALUES (25, 12, 0.14, 'g');
INSERT INTO RecipeIngredient (RecipeID, IngredientID, RequiredQuantity, Unit) VALUES (14, 15, 2.91, 'tbsp');
INSERT INTO RecipeIngredient (RecipeID, IngredientID, RequiredQuantity, Unit) VALUES (31, 16, 1.21, 'lb');
INSERT INTO RecipeIngredient (RecipeID, IngredientID, RequiredQuantity, Unit) VALUES (31, 6, 0.65, 'g');
INSERT INTO RecipeIngredient (RecipeID, IngredientID, RequiredQuantity, Unit) VALUES (21, 8, 0.23, 'kg');
INSERT INTO RecipeIngredient (RecipeID, IngredientID, RequiredQuantity, Unit) VALUES (13, 31, 1.89, 'tsp');
INSERT INTO RecipeIngredient (RecipeID, IngredientID, RequiredQuantity, Unit) VALUES (23, 18, 0.53, 'kg');
INSERT INTO RecipeIngredient (RecipeID, IngredientID, RequiredQuantity, Unit) VALUES (26, 8, 0.43, 'lb');
INSERT INTO RecipeIngredient (RecipeID, IngredientID, RequiredQuantity, Unit) VALUES (18, 12, 0.64, 'tbsp');
INSERT INTO RecipeIngredient (RecipeID, IngredientID, RequiredQuantity, Unit) VALUES (11, 24, 1.31, 'oz');
INSERT INTO RecipeIngredient (RecipeID, IngredientID, RequiredQuantity, Unit) VALUES (6, 38, 0.16, 'cup');
INSERT INTO RecipeIngredient (RecipeID, IngredientID, RequiredQuantity, Unit) VALUES (40, 37, 2.51, 'tbsp');
INSERT INTO RecipeIngredient (RecipeID, IngredientID, RequiredQuantity, Unit) VALUES (6, 9, 1.06, 'tbsp');
INSERT INTO RecipeIngredient (RecipeID, IngredientID, RequiredQuantity, Unit) VALUES (22, 8, 1.05, 'cup');
INSERT INTO RecipeIngredient (RecipeID, IngredientID, RequiredQuantity, Unit) VALUES (29, 40, 1.62, 'g');
INSERT INTO RecipeIngredient (RecipeID, IngredientID, RequiredQuantity, Unit) VALUES (35, 19, 0.69, 'kg');
INSERT INTO RecipeIngredient (RecipeID, IngredientID, RequiredQuantity, Unit) VALUES (9, 17, 1.43, 'oz');
INSERT INTO RecipeIngredient (RecipeID, IngredientID, RequiredQuantity, Unit) VALUES (10, 2, 2.6, 'g');
INSERT INTO RecipeIngredient (RecipeID, IngredientID, RequiredQuantity, Unit) VALUES (3, 11, 2.29, 'g');
INSERT INTO RecipeIngredient (RecipeID, IngredientID, RequiredQuantity, Unit) VALUES (36, 21, 0.41, 'cup');
INSERT INTO RecipeIngredient (RecipeID, IngredientID, RequiredQuantity, Unit) VALUES (26, 4, 0.43, 'cup');
INSERT INTO RecipeIngredient (RecipeID, IngredientID, RequiredQuantity, Unit) VALUES (5, 6, 0.96, 'g');
INSERT INTO RecipeIngredient (RecipeID, IngredientID, RequiredQuantity, Unit) VALUES (5, 11, 1.03, 'lb');
INSERT INTO RecipeIngredient (RecipeID, IngredientID, RequiredQuantity, Unit) VALUES (34, 2, 0.61, 'oz');
INSERT INTO RecipeIngredient (RecipeID, IngredientID, RequiredQuantity, Unit) VALUES (20, 7, 0.16, 'g');
INSERT INTO RecipeIngredient (RecipeID, IngredientID, RequiredQuantity, Unit) VALUES (1, 8, 1.26, 'kg');
INSERT INTO RecipeIngredient (RecipeID, IngredientID, RequiredQuantity, Unit) VALUES (22, 36, 2.79, 'kg');
INSERT INTO RecipeIngredient (RecipeID, IngredientID, RequiredQuantity, Unit) VALUES (4, 24, 1.26, 'cup');
INSERT INTO RecipeIngredient (RecipeID, IngredientID, RequiredQuantity, Unit) VALUES (5, 7, 0.37, 'tbsp');
INSERT INTO RecipeIngredient (RecipeID, IngredientID, RequiredQuantity, Unit) VALUES (35, 15, 0.13, 'g');
INSERT INTO RecipeIngredient (RecipeID, IngredientID, RequiredQuantity, Unit) VALUES (24, 21, 0.54, 'g');
INSERT INTO RecipeIngredient (RecipeID, IngredientID, RequiredQuantity, Unit) VALUES (24, 6, 0.71, 'tsp');
INSERT INTO RecipeIngredient (RecipeID, IngredientID, RequiredQuantity, Unit) VALUES (18, 24, 0.12, 'tsp');
INSERT INTO RecipeIngredient (RecipeID, IngredientID, RequiredQuantity, Unit) VALUES (10, 1, 0.41, 'lb');
INSERT INTO RecipeIngredient (RecipeID, IngredientID, RequiredQuantity, Unit) VALUES (9, 6, 1.45, 'cup');
INSERT INTO RecipeIngredient (RecipeID, IngredientID, RequiredQuantity, Unit) VALUES (33, 35, 1.01, 'tbsp');
INSERT INTO RecipeIngredient (RecipeID, IngredientID, RequiredQuantity, Unit) VALUES (34, 11, 0.87, 'oz');
INSERT INTO RecipeIngredient (RecipeID, IngredientID, RequiredQuantity, Unit) VALUES (17, 40, 0.2, 'cup');
INSERT INTO RecipeIngredient (RecipeID, IngredientID, RequiredQuantity, Unit) VALUES (24, 24, 1.39, 'cup');
INSERT INTO RecipeIngredient (RecipeID, IngredientID, RequiredQuantity, Unit) VALUES (6, 6, 0.69, 'g');
INSERT INTO RecipeIngredient (RecipeID, IngredientID, RequiredQuantity, Unit) VALUES (12, 39, 0.14, 'oz');
INSERT INTO RecipeIngredient (RecipeID, IngredientID, RequiredQuantity, Unit) VALUES (3, 40, 0.51, 'lb');
INSERT INTO RecipeIngredient (RecipeID, IngredientID, RequiredQuantity, Unit) VALUES (8, 36, 2.82, 'g');
INSERT INTO RecipeIngredient (RecipeID, IngredientID, RequiredQuantity, Unit) VALUES (28, 17, 2.43, 'kg');
INSERT INTO RecipeIngredient (RecipeID, IngredientID, RequiredQuantity, Unit) VALUES (27, 18, 2.4, 'g');
INSERT INTO RecipeIngredient (RecipeID, IngredientID, RequiredQuantity, Unit) VALUES (22, 27, 2.54, 'kg');
INSERT INTO RecipeIngredient (RecipeID, IngredientID, RequiredQuantity, Unit) VALUES (16, 19, 1.92, 'g');
INSERT INTO RecipeIngredient (RecipeID, IngredientID, RequiredQuantity, Unit) VALUES (25, 23, 1.03, 'tsp');
INSERT INTO RecipeIngredient (RecipeID, IngredientID, RequiredQuantity, Unit) VALUES (33, 13, 2.71, 'oz');
INSERT INTO RecipeIngredient (RecipeID, IngredientID, RequiredQuantity, Unit) VALUES (9, 14, 1.18, 'kg');
INSERT INTO RecipeIngredient (RecipeID, IngredientID, RequiredQuantity, Unit) VALUES (38, 3, 1.78, 'tbsp');
INSERT INTO RecipeIngredient (RecipeID, IngredientID, RequiredQuantity, Unit) VALUES (15, 6, 1.82, 'kg');
INSERT INTO RecipeIngredient (RecipeID, IngredientID, RequiredQuantity, Unit) VALUES (3, 36, 2.01, 'oz');
INSERT INTO RecipeIngredient (RecipeID, IngredientID, RequiredQuantity, Unit) VALUES (35, 6, 0.21, 'kg');
INSERT INTO RecipeIngredient (RecipeID, IngredientID, RequiredQuantity, Unit) VALUES (30, 9, 0.74, 'tsp');
INSERT INTO RecipeIngredient (RecipeID, IngredientID, RequiredQuantity, Unit) VALUES (26, 10, 2.67, 'kg');
INSERT INTO RecipeIngredient (RecipeID, IngredientID, RequiredQuantity, Unit) VALUES (10, 3, 2.96, 'tbsp');
INSERT INTO RecipeIngredient (RecipeID, IngredientID, RequiredQuantity, Unit) VALUES (17, 1, 1.57, 'cup');
INSERT INTO RecipeIngredient (RecipeID, IngredientID, RequiredQuantity, Unit) VALUES (29, 1, 2.63, 'kg');
INSERT INTO RecipeIngredient (RecipeID, IngredientID, RequiredQuantity, Unit) VALUES (12, 28, 1.0, 'g');
INSERT INTO RecipeIngredient (RecipeID, IngredientID, RequiredQuantity, Unit) VALUES (3, 26, 2.39, 'kg');
INSERT INTO RecipeIngredient (RecipeID, IngredientID, RequiredQuantity, Unit) VALUES (9, 8, 1.55, 'g');
INSERT INTO RecipeIngredient (RecipeID, IngredientID, RequiredQuantity, Unit) VALUES (30, 6, 1.08, 'cup');
INSERT INTO RecipeIngredient (RecipeID, IngredientID, RequiredQuantity, Unit) VALUES (22, 25, 0.36, 'oz');
INSERT INTO RecipeIngredient (RecipeID, IngredientID, RequiredQuantity, Unit) VALUES (26, 37, 2.92, 'tbsp');
INSERT INTO RecipeIngredient (RecipeID, IngredientID, RequiredQuantity, Unit) VALUES (39, 19, 0.28, 'kg');
INSERT INTO RecipeIngredient (RecipeID, IngredientID, RequiredQuantity, Unit) VALUES (39, 14, 1.55, 'lb');
INSERT INTO RecipeIngredient (RecipeID, IngredientID, RequiredQuantity, Unit) VALUES (13, 18, 0.41, 'oz');
INSERT INTO RecipeIngredient (RecipeID, IngredientID, RequiredQuantity, Unit) VALUES (15, 13, 0.98, 'tsp');
INSERT INTO RecipeIngredient (RecipeID, IngredientID, RequiredQuantity, Unit) VALUES (35, 32, 2.38, 'tsp');
INSERT INTO RecipeIngredient (RecipeID, IngredientID, RequiredQuantity, Unit) VALUES (8, 17, 1.85, 'g');
INSERT INTO RecipeIngredient (RecipeID, IngredientID, RequiredQuantity, Unit) VALUES (8, 34, 1.01, 'cup');
INSERT INTO RecipeIngredient (RecipeID, IngredientID, RequiredQuantity, Unit) VALUES (6, 12, 1.37, 'tbsp');
INSERT INTO RecipeIngredient (RecipeID, IngredientID, RequiredQuantity, Unit) VALUES (23, 16, 0.72, 'kg');
INSERT INTO RecipeIngredient (RecipeID, IngredientID, RequiredQuantity, Unit) VALUES (2, 11, 1.79, 'lb');
INSERT INTO RecipeIngredient (RecipeID, IngredientID, RequiredQuantity, Unit) VALUES (22, 23, 2.2, 'oz');
INSERT INTO RecipeIngredient (RecipeID, IngredientID, RequiredQuantity, Unit) VALUES (25, 32, 1.99, 'lb');
INSERT INTO RecipeIngredient (RecipeID, IngredientID, RequiredQuantity, Unit) VALUES (26, 3, 1.8, 'tsp');
INSERT INTO RecipeIngredient (RecipeID, IngredientID, RequiredQuantity, Unit) VALUES (11, 23, 1.11, 'g');
INSERT INTO RecipeIngredient (RecipeID, IngredientID, RequiredQuantity, Unit) VALUES (35, 8, 1.4, 'cup');
INSERT INTO RecipeIngredient (RecipeID, IngredientID, RequiredQuantity, Unit) VALUES (27, 40, 1.46, 'cup');
INSERT INTO RecipeIngredient (RecipeID, IngredientID, RequiredQuantity, Unit) VALUES (4, 12, 1.04, 'tbsp');
INSERT INTO RecipeIngredient (RecipeID, IngredientID, RequiredQuantity, Unit) VALUES (31, 30, 0.36, 'kg');
INSERT INTO RecipeIngredient (RecipeID, IngredientID, RequiredQuantity, Unit) VALUES (35, 35, 2.49, 'kg');

-- RecipeUsageStatistic
INSERT INTO RecipeUsageStatistic (UsageStatID, RecipeID, PeriodID, SegmentID, UsageCount, UniqueUsers) VALUES (1, 29, 3, 16, 18, 78);
INSERT INTO RecipeUsageStatistic (UsageStatID, RecipeID, PeriodID, SegmentID, UsageCount, UniqueUsers) VALUES (2, 21, 7, 30, 67, 13);
INSERT INTO RecipeUsageStatistic (UsageStatID, RecipeID, PeriodID, SegmentID, UsageCount, UniqueUsers) VALUES (3, 7, 15, 23, 48, 31);
INSERT INTO RecipeUsageStatistic (UsageStatID, RecipeID, PeriodID, SegmentID, UsageCount, UniqueUsers) VALUES (4, 7, 9, 7, 22, 49);
INSERT INTO RecipeUsageStatistic (UsageStatID, RecipeID, PeriodID, SegmentID, UsageCount, UniqueUsers) VALUES (5, 26, 14, 16, 7, 7);
INSERT INTO RecipeUsageStatistic (UsageStatID, RecipeID, PeriodID, SegmentID, UsageCount, UniqueUsers) VALUES (6, 13, 22, 15, 23, 80);
INSERT INTO RecipeUsageStatistic (UsageStatID, RecipeID, PeriodID, SegmentID, UsageCount, UniqueUsers) VALUES (7, 14, 4, 21, 52, 21);
INSERT INTO RecipeUsageStatistic (UsageStatID, RecipeID, PeriodID, SegmentID, UsageCount, UniqueUsers) VALUES (8, 10, 6, 17, 17, 36);
INSERT INTO RecipeUsageStatistic (UsageStatID, RecipeID, PeriodID, SegmentID, UsageCount, UniqueUsers) VALUES (9, 20, 12, 19, 9, 1);
INSERT INTO RecipeUsageStatistic (UsageStatID, RecipeID, PeriodID, SegmentID, UsageCount, UniqueUsers) VALUES (10, 4, 16, 14, 40, 80);
INSERT INTO RecipeUsageStatistic (UsageStatID, RecipeID, PeriodID, SegmentID, UsageCount, UniqueUsers) VALUES (11, 8, 13, 24, 106, 20);
INSERT INTO RecipeUsageStatistic (UsageStatID, RecipeID, PeriodID, SegmentID, UsageCount, UniqueUsers) VALUES (12, 32, 15, 22, 37, 15);
INSERT INTO RecipeUsageStatistic (UsageStatID, RecipeID, PeriodID, SegmentID, UsageCount, UniqueUsers) VALUES (13, 25, 12, 27, 187, 37);
INSERT INTO RecipeUsageStatistic (UsageStatID, RecipeID, PeriodID, SegmentID, UsageCount, UniqueUsers) VALUES (14, 35, 27, 28, 86, 73);
INSERT INTO RecipeUsageStatistic (UsageStatID, RecipeID, PeriodID, SegmentID, UsageCount, UniqueUsers) VALUES (15, 19, 12, 8, 47, 72);
INSERT INTO RecipeUsageStatistic (UsageStatID, RecipeID, PeriodID, SegmentID, UsageCount, UniqueUsers) VALUES (16, 35, 19, 3, 23, 37);
INSERT INTO RecipeUsageStatistic (UsageStatID, RecipeID, PeriodID, SegmentID, UsageCount, UniqueUsers) VALUES (17, 36, 28, 20, 2, 28);
INSERT INTO RecipeUsageStatistic (UsageStatID, RecipeID, PeriodID, SegmentID, UsageCount, UniqueUsers) VALUES (18, 18, 21, 20, 191, 68);
INSERT INTO RecipeUsageStatistic (UsageStatID, RecipeID, PeriodID, SegmentID, UsageCount, UniqueUsers) VALUES (19, 13, 11, 11, 123, 72);
INSERT INTO RecipeUsageStatistic (UsageStatID, RecipeID, PeriodID, SegmentID, UsageCount, UniqueUsers) VALUES (20, 19, 8, 6, 4, 18);
INSERT INTO RecipeUsageStatistic (UsageStatID, RecipeID, PeriodID, SegmentID, UsageCount, UniqueUsers) VALUES (21, 9, 13, 27, 60, 94);
INSERT INTO RecipeUsageStatistic (UsageStatID, RecipeID, PeriodID, SegmentID, UsageCount, UniqueUsers) VALUES (22, 9, 5, 6, 62, 63);
INSERT INTO RecipeUsageStatistic (UsageStatID, RecipeID, PeriodID, SegmentID, UsageCount, UniqueUsers) VALUES (23, 14, 24, 8, 131, 61);
INSERT INTO RecipeUsageStatistic (UsageStatID, RecipeID, PeriodID, SegmentID, UsageCount, UniqueUsers) VALUES (24, 28, 22, 4, 133, 62);
INSERT INTO RecipeUsageStatistic (UsageStatID, RecipeID, PeriodID, SegmentID, UsageCount, UniqueUsers) VALUES (25, 9, 14, 28, 105, 17);
INSERT INTO RecipeUsageStatistic (UsageStatID, RecipeID, PeriodID, SegmentID, UsageCount, UniqueUsers) VALUES (26, 40, 18, 21, 73, 77);
INSERT INTO RecipeUsageStatistic (UsageStatID, RecipeID, PeriodID, SegmentID, UsageCount, UniqueUsers) VALUES (27, 16, 5, 27, 57, 48);
INSERT INTO RecipeUsageStatistic (UsageStatID, RecipeID, PeriodID, SegmentID, UsageCount, UniqueUsers) VALUES (28, 1, 6, 18, 23, 66);
INSERT INTO RecipeUsageStatistic (UsageStatID, RecipeID, PeriodID, SegmentID, UsageCount, UniqueUsers) VALUES (29, 15, 26, 7, 104, 6);
INSERT INTO RecipeUsageStatistic (UsageStatID, RecipeID, PeriodID, SegmentID, UsageCount, UniqueUsers) VALUES (30, 17, 4, 24, 136, 55);
INSERT INTO RecipeUsageStatistic (UsageStatID, RecipeID, PeriodID, SegmentID, UsageCount, UniqueUsers) VALUES (31, 8, 10, 24, 5, 33);
INSERT INTO RecipeUsageStatistic (UsageStatID, RecipeID, PeriodID, SegmentID, UsageCount, UniqueUsers) VALUES (32, 1, 7, 4, 68, 89);
INSERT INTO RecipeUsageStatistic (UsageStatID, RecipeID, PeriodID, SegmentID, UsageCount, UniqueUsers) VALUES (33, 5, 13, 18, 97, 19);
INSERT INTO RecipeUsageStatistic (UsageStatID, RecipeID, PeriodID, SegmentID, UsageCount, UniqueUsers) VALUES (34, 35, 20, 6, 100, 64);
INSERT INTO RecipeUsageStatistic (UsageStatID, RecipeID, PeriodID, SegmentID, UsageCount, UniqueUsers) VALUES (35, 7, 11, 17, 168, 67);
INSERT INTO RecipeUsageStatistic (UsageStatID, RecipeID, PeriodID, SegmentID, UsageCount, UniqueUsers) VALUES (36, 28, 19, 30, 85, 14);
INSERT INTO RecipeUsageStatistic (UsageStatID, RecipeID, PeriodID, SegmentID, UsageCount, UniqueUsers) VALUES (37, 21, 28, 16, 15, 72);
INSERT INTO RecipeUsageStatistic (UsageStatID, RecipeID, PeriodID, SegmentID, UsageCount, UniqueUsers) VALUES (38, 29, 30, 23, 88, 83);
INSERT INTO RecipeUsageStatistic (UsageStatID, RecipeID, PeriodID, SegmentID, UsageCount, UniqueUsers) VALUES (39, 12, 24, 13, 65, 67);
INSERT INTO RecipeUsageStatistic (UsageStatID, RecipeID, PeriodID, SegmentID, UsageCount, UniqueUsers) VALUES (40, 31, 18, 28, 170, 66);
INSERT INTO RecipeUsageStatistic (UsageStatID, RecipeID, PeriodID, SegmentID, UsageCount, UniqueUsers) VALUES (41, 30, 17, 19, 86, 87);
INSERT INTO RecipeUsageStatistic (UsageStatID, RecipeID, PeriodID, SegmentID, UsageCount, UniqueUsers) VALUES (42, 25, 23, 18, 162, 93);
INSERT INTO RecipeUsageStatistic (UsageStatID, RecipeID, PeriodID, SegmentID, UsageCount, UniqueUsers) VALUES (43, 32, 28, 3, 101, 10);
INSERT INTO RecipeUsageStatistic (UsageStatID, RecipeID, PeriodID, SegmentID, UsageCount, UniqueUsers) VALUES (44, 21, 18, 28, 71, 48);
INSERT INTO RecipeUsageStatistic (UsageStatID, RecipeID, PeriodID, SegmentID, UsageCount, UniqueUsers) VALUES (45, 35, 30, 5, 19, 54);
INSERT INTO RecipeUsageStatistic (UsageStatID, RecipeID, PeriodID, SegmentID, UsageCount, UniqueUsers) VALUES (46, 18, 10, 10, 40, 34);
INSERT INTO RecipeUsageStatistic (UsageStatID, RecipeID, PeriodID, SegmentID, UsageCount, UniqueUsers) VALUES (47, 38, 8, 12, 40, 44);
INSERT INTO RecipeUsageStatistic (UsageStatID, RecipeID, PeriodID, SegmentID, UsageCount, UniqueUsers) VALUES (48, 7, 3, 21, 32, 10);
INSERT INTO RecipeUsageStatistic (UsageStatID, RecipeID, PeriodID, SegmentID, UsageCount, UniqueUsers) VALUES (49, 14, 3, 28, 172, 90);
INSERT INTO RecipeUsageStatistic (UsageStatID, RecipeID, PeriodID, SegmentID, UsageCount, UniqueUsers) VALUES (50, 5, 22, 22, 143, 100);
INSERT INTO RecipeUsageStatistic (UsageStatID, RecipeID, PeriodID, SegmentID, UsageCount, UniqueUsers) VALUES (51, 5, 18, 25, 24, 70);
INSERT INTO RecipeUsageStatistic (UsageStatID, RecipeID, PeriodID, SegmentID, UsageCount, UniqueUsers) VALUES (52, 28, 11, 27, 110, 6);
INSERT INTO RecipeUsageStatistic (UsageStatID, RecipeID, PeriodID, SegmentID, UsageCount, UniqueUsers) VALUES (53, 16, 23, 20, 108, 93);
INSERT INTO RecipeUsageStatistic (UsageStatID, RecipeID, PeriodID, SegmentID, UsageCount, UniqueUsers) VALUES (54, 17, 15, 11, 63, 82);
INSERT INTO RecipeUsageStatistic (UsageStatID, RecipeID, PeriodID, SegmentID, UsageCount, UniqueUsers) VALUES (55, 28, 13, 22, 93, 6);
INSERT INTO RecipeUsageStatistic (UsageStatID, RecipeID, PeriodID, SegmentID, UsageCount, UniqueUsers) VALUES (56, 22, 24, 28, 25, 3);
INSERT INTO RecipeUsageStatistic (UsageStatID, RecipeID, PeriodID, SegmentID, UsageCount, UniqueUsers) VALUES (57, 1, 14, 20, 104, 25);
INSERT INTO RecipeUsageStatistic (UsageStatID, RecipeID, PeriodID, SegmentID, UsageCount, UniqueUsers) VALUES (58, 29, 8, 2, 132, 97);
INSERT INTO RecipeUsageStatistic (UsageStatID, RecipeID, PeriodID, SegmentID, UsageCount, UniqueUsers) VALUES (59, 14, 29, 13, 64, 59);
INSERT INTO RecipeUsageStatistic (UsageStatID, RecipeID, PeriodID, SegmentID, UsageCount, UniqueUsers) VALUES (60, 30, 14, 17, 106, 87);
INSERT INTO RecipeUsageStatistic (UsageStatID, RecipeID, PeriodID, SegmentID, UsageCount, UniqueUsers) VALUES (61, 36, 23, 12, 52, 16);
INSERT INTO RecipeUsageStatistic (UsageStatID, RecipeID, PeriodID, SegmentID, UsageCount, UniqueUsers) VALUES (62, 19, 27, 18, 90, 70);
INSERT INTO RecipeUsageStatistic (UsageStatID, RecipeID, PeriodID, SegmentID, UsageCount, UniqueUsers) VALUES (63, 38, 14, 13, 47, 79);
INSERT INTO RecipeUsageStatistic (UsageStatID, RecipeID, PeriodID, SegmentID, UsageCount, UniqueUsers) VALUES (64, 19, 10, 20, 35, 3);
INSERT INTO RecipeUsageStatistic (UsageStatID, RecipeID, PeriodID, SegmentID, UsageCount, UniqueUsers) VALUES (65, 40, 9, 15, 71, 34);
INSERT INTO RecipeUsageStatistic (UsageStatID, RecipeID, PeriodID, SegmentID, UsageCount, UniqueUsers) VALUES (66, 8, 29, 8, 158, 95);
INSERT INTO RecipeUsageStatistic (UsageStatID, RecipeID, PeriodID, SegmentID, UsageCount, UniqueUsers) VALUES (67, 34, 22, 12, 54, 49);
INSERT INTO RecipeUsageStatistic (UsageStatID, RecipeID, PeriodID, SegmentID, UsageCount, UniqueUsers) VALUES (68, 35, 17, 20, 36, 4);
INSERT INTO RecipeUsageStatistic (UsageStatID, RecipeID, PeriodID, SegmentID, UsageCount, UniqueUsers) VALUES (69, 36, 9, 17, 141, 15);
INSERT INTO RecipeUsageStatistic (UsageStatID, RecipeID, PeriodID, SegmentID, UsageCount, UniqueUsers) VALUES (70, 29, 26, 19, 128, 85);
INSERT INTO RecipeUsageStatistic (UsageStatID, RecipeID, PeriodID, SegmentID, UsageCount, UniqueUsers) VALUES (71, 28, 6, 4, 66, 18);
INSERT INTO RecipeUsageStatistic (UsageStatID, RecipeID, PeriodID, SegmentID, UsageCount, UniqueUsers) VALUES (72, 9, 6, 14, 191, 93);
INSERT INTO RecipeUsageStatistic (UsageStatID, RecipeID, PeriodID, SegmentID, UsageCount, UniqueUsers) VALUES (73, 35, 3, 21, 97, 94);
INSERT INTO RecipeUsageStatistic (UsageStatID, RecipeID, PeriodID, SegmentID, UsageCount, UniqueUsers) VALUES (74, 34, 9, 28, 49, 98);
INSERT INTO RecipeUsageStatistic (UsageStatID, RecipeID, PeriodID, SegmentID, UsageCount, UniqueUsers) VALUES (75, 39, 28, 23, 64, 67);
INSERT INTO RecipeUsageStatistic (UsageStatID, RecipeID, PeriodID, SegmentID, UsageCount, UniqueUsers) VALUES (76, 32, 12, 19, 185, 36);
INSERT INTO RecipeUsageStatistic (UsageStatID, RecipeID, PeriodID, SegmentID, UsageCount, UniqueUsers) VALUES (77, 31, 24, 18, 110, 21);
INSERT INTO RecipeUsageStatistic (UsageStatID, RecipeID, PeriodID, SegmentID, UsageCount, UniqueUsers) VALUES (78, 40, 6, 7, 194, 18);
INSERT INTO RecipeUsageStatistic (UsageStatID, RecipeID, PeriodID, SegmentID, UsageCount, UniqueUsers) VALUES (79, 37, 9, 7, 33, 60);
INSERT INTO RecipeUsageStatistic (UsageStatID, RecipeID, PeriodID, SegmentID, UsageCount, UniqueUsers) VALUES (80, 27, 22, 17, 17, 61);
INSERT INTO RecipeUsageStatistic (UsageStatID, RecipeID, PeriodID, SegmentID, UsageCount, UniqueUsers) VALUES (81, 27, 4, 3, 128, 1);
INSERT INTO RecipeUsageStatistic (UsageStatID, RecipeID, PeriodID, SegmentID, UsageCount, UniqueUsers) VALUES (82, 9, 16, 20, 75, 91);
INSERT INTO RecipeUsageStatistic (UsageStatID, RecipeID, PeriodID, SegmentID, UsageCount, UniqueUsers) VALUES (83, 22, 26, 17, 113, 22);
INSERT INTO RecipeUsageStatistic (UsageStatID, RecipeID, PeriodID, SegmentID, UsageCount, UniqueUsers) VALUES (84, 19, 24, 20, 150, 43);
INSERT INTO RecipeUsageStatistic (UsageStatID, RecipeID, PeriodID, SegmentID, UsageCount, UniqueUsers) VALUES (85, 12, 26, 5, 86, 95);
INSERT INTO RecipeUsageStatistic (UsageStatID, RecipeID, PeriodID, SegmentID, UsageCount, UniqueUsers) VALUES (86, 36, 24, 28, 123, 36);
INSERT INTO RecipeUsageStatistic (UsageStatID, RecipeID, PeriodID, SegmentID, UsageCount, UniqueUsers) VALUES (87, 23, 22, 25, 34, 42);
INSERT INTO RecipeUsageStatistic (UsageStatID, RecipeID, PeriodID, SegmentID, UsageCount, UniqueUsers) VALUES (88, 18, 7, 1, 75, 12);
INSERT INTO RecipeUsageStatistic (UsageStatID, RecipeID, PeriodID, SegmentID, UsageCount, UniqueUsers) VALUES (89, 2, 25, 24, 122, 55);
INSERT INTO RecipeUsageStatistic (UsageStatID, RecipeID, PeriodID, SegmentID, UsageCount, UniqueUsers) VALUES (90, 10, 19, 10, 76, 66);
INSERT INTO RecipeUsageStatistic (UsageStatID, RecipeID, PeriodID, SegmentID, UsageCount, UniqueUsers) VALUES (91, 5, 16, 4, 86, 77);
INSERT INTO RecipeUsageStatistic (UsageStatID, RecipeID, PeriodID, SegmentID, UsageCount, UniqueUsers) VALUES (92, 8, 26, 26, 84, 65);
INSERT INTO RecipeUsageStatistic (UsageStatID, RecipeID, PeriodID, SegmentID, UsageCount, UniqueUsers) VALUES (93, 26, 14, 23, 26, 95);
INSERT INTO RecipeUsageStatistic (UsageStatID, RecipeID, PeriodID, SegmentID, UsageCount, UniqueUsers) VALUES (94, 27, 9, 11, 191, 31);
INSERT INTO RecipeUsageStatistic (UsageStatID, RecipeID, PeriodID, SegmentID, UsageCount, UniqueUsers) VALUES (95, 10, 21, 19, 193, 13);
INSERT INTO RecipeUsageStatistic (UsageStatID, RecipeID, PeriodID, SegmentID, UsageCount, UniqueUsers) VALUES (96, 27, 10, 30, 7, 47);
INSERT INTO RecipeUsageStatistic (UsageStatID, RecipeID, PeriodID, SegmentID, UsageCount, UniqueUsers) VALUES (97, 31, 2, 28, 118, 15);
INSERT INTO RecipeUsageStatistic (UsageStatID, RecipeID, PeriodID, SegmentID, UsageCount, UniqueUsers) VALUES (98, 34, 7, 24, 36, 43);
INSERT INTO RecipeUsageStatistic (UsageStatID, RecipeID, PeriodID, SegmentID, UsageCount, UniqueUsers) VALUES (99, 13, 19, 13, 161, 22);
INSERT INTO RecipeUsageStatistic (UsageStatID, RecipeID, PeriodID, SegmentID, UsageCount, UniqueUsers) VALUES (100, 3, 20, 15, 116, 62);
INSERT INTO RecipeUsageStatistic (UsageStatID, RecipeID, PeriodID, SegmentID, UsageCount, UniqueUsers) VALUES (101, 34, 20, 5, 183, 41);
INSERT INTO RecipeUsageStatistic (UsageStatID, RecipeID, PeriodID, SegmentID, UsageCount, UniqueUsers) VALUES (102, 11, 21, 7, 79, 30);
INSERT INTO RecipeUsageStatistic (UsageStatID, RecipeID, PeriodID, SegmentID, UsageCount, UniqueUsers) VALUES (103, 4, 24, 14, 190, 76);
INSERT INTO RecipeUsageStatistic (UsageStatID, RecipeID, PeriodID, SegmentID, UsageCount, UniqueUsers) VALUES (104, 16, 26, 7, 34, 29);
INSERT INTO RecipeUsageStatistic (UsageStatID, RecipeID, PeriodID, SegmentID, UsageCount, UniqueUsers) VALUES (105, 32, 13, 4, 112, 92);
INSERT INTO RecipeUsageStatistic (UsageStatID, RecipeID, PeriodID, SegmentID, UsageCount, UniqueUsers) VALUES (106, 7, 17, 8, 90, 2);
INSERT INTO RecipeUsageStatistic (UsageStatID, RecipeID, PeriodID, SegmentID, UsageCount, UniqueUsers) VALUES (107, 2, 20, 19, 184, 63);
INSERT INTO RecipeUsageStatistic (UsageStatID, RecipeID, PeriodID, SegmentID, UsageCount, UniqueUsers) VALUES (108, 10, 17, 14, 83, 94);
INSERT INTO RecipeUsageStatistic (UsageStatID, RecipeID, PeriodID, SegmentID, UsageCount, UniqueUsers) VALUES (109, 30, 14, 10, 174, 1);
INSERT INTO RecipeUsageStatistic (UsageStatID, RecipeID, PeriodID, SegmentID, UsageCount, UniqueUsers) VALUES (110, 7, 11, 6, 99, 70);
INSERT INTO RecipeUsageStatistic (UsageStatID, RecipeID, PeriodID, SegmentID, UsageCount, UniqueUsers) VALUES (111, 11, 19, 10, 29, 55);
INSERT INTO RecipeUsageStatistic (UsageStatID, RecipeID, PeriodID, SegmentID, UsageCount, UniqueUsers) VALUES (112, 10, 16, 13, 143, 56);
INSERT INTO RecipeUsageStatistic (UsageStatID, RecipeID, PeriodID, SegmentID, UsageCount, UniqueUsers) VALUES (113, 2, 7, 6, 66, 67);
INSERT INTO RecipeUsageStatistic (UsageStatID, RecipeID, PeriodID, SegmentID, UsageCount, UniqueUsers) VALUES (114, 6, 28, 10, 135, 32);
INSERT INTO RecipeUsageStatistic (UsageStatID, RecipeID, PeriodID, SegmentID, UsageCount, UniqueUsers) VALUES (115, 40, 13, 16, 27, 10);
INSERT INTO RecipeUsageStatistic (UsageStatID, RecipeID, PeriodID, SegmentID, UsageCount, UniqueUsers) VALUES (116, 19, 29, 29, 48, 67);
INSERT INTO RecipeUsageStatistic (UsageStatID, RecipeID, PeriodID, SegmentID, UsageCount, UniqueUsers) VALUES (117, 16, 6, 30, 151, 79);
INSERT INTO RecipeUsageStatistic (UsageStatID, RecipeID, PeriodID, SegmentID, UsageCount, UniqueUsers) VALUES (118, 10, 19, 29, 21, 36);
INSERT INTO RecipeUsageStatistic (UsageStatID, RecipeID, PeriodID, SegmentID, UsageCount, UniqueUsers) VALUES (119, 28, 25, 17, 23, 66);
INSERT INTO RecipeUsageStatistic (UsageStatID, RecipeID, PeriodID, SegmentID, UsageCount, UniqueUsers) VALUES (120, 15, 21, 17, 64, 47);
INSERT INTO RecipeUsageStatistic (UsageStatID, RecipeID, PeriodID, SegmentID, UsageCount, UniqueUsers) VALUES (121, 1, 18, 16, 47, 75);
INSERT INTO RecipeUsageStatistic (UsageStatID, RecipeID, PeriodID, SegmentID, UsageCount, UniqueUsers) VALUES (122, 11, 30, 9, 158, 94);
INSERT INTO RecipeUsageStatistic (UsageStatID, RecipeID, PeriodID, SegmentID, UsageCount, UniqueUsers) VALUES (123, 12, 15, 18, 160, 47);
INSERT INTO RecipeUsageStatistic (UsageStatID, RecipeID, PeriodID, SegmentID, UsageCount, UniqueUsers) VALUES (124, 6, 4, 5, 92, 21);
INSERT INTO RecipeUsageStatistic (UsageStatID, RecipeID, PeriodID, SegmentID, UsageCount, UniqueUsers) VALUES (125, 9, 27, 10, 109, 23);
INSERT INTO RecipeUsageStatistic (UsageStatID, RecipeID, PeriodID, SegmentID, UsageCount, UniqueUsers) VALUES (126, 28, 26, 3, 179, 75);
INSERT INTO RecipeUsageStatistic (UsageStatID, RecipeID, PeriodID, SegmentID, UsageCount, UniqueUsers) VALUES (127, 1, 27, 16, 115, 4);
INSERT INTO RecipeUsageStatistic (UsageStatID, RecipeID, PeriodID, SegmentID, UsageCount, UniqueUsers) VALUES (128, 7, 16, 15, 120, 78);
INSERT INTO RecipeUsageStatistic (UsageStatID, RecipeID, PeriodID, SegmentID, UsageCount, UniqueUsers) VALUES (129, 34, 26, 12, 74, 99);
INSERT INTO RecipeUsageStatistic (UsageStatID, RecipeID, PeriodID, SegmentID, UsageCount, UniqueUsers) VALUES (130, 8, 21, 30, 184, 78);
INSERT INTO RecipeUsageStatistic (UsageStatID, RecipeID, PeriodID, SegmentID, UsageCount, UniqueUsers) VALUES (131, 17, 6, 19, 19, 16);
INSERT INTO RecipeUsageStatistic (UsageStatID, RecipeID, PeriodID, SegmentID, UsageCount, UniqueUsers) VALUES (132, 30, 8, 21, 119, 63);
INSERT INTO RecipeUsageStatistic (UsageStatID, RecipeID, PeriodID, SegmentID, UsageCount, UniqueUsers) VALUES (133, 10, 8, 16, 100, 32);
INSERT INTO RecipeUsageStatistic (UsageStatID, RecipeID, PeriodID, SegmentID, UsageCount, UniqueUsers) VALUES (134, 16, 20, 22, 16, 13);
INSERT INTO RecipeUsageStatistic (UsageStatID, RecipeID, PeriodID, SegmentID, UsageCount, UniqueUsers) VALUES (135, 32, 12, 28, 138, 42);
INSERT INTO RecipeUsageStatistic (UsageStatID, RecipeID, PeriodID, SegmentID, UsageCount, UniqueUsers) VALUES (136, 26, 1, 29, 124, 96);
INSERT INTO RecipeUsageStatistic (UsageStatID, RecipeID, PeriodID, SegmentID, UsageCount, UniqueUsers) VALUES (137, 22, 16, 25, 197, 20);
INSERT INTO RecipeUsageStatistic (UsageStatID, RecipeID, PeriodID, SegmentID, UsageCount, UniqueUsers) VALUES (138, 28, 27, 25, 110, 30);
INSERT INTO RecipeUsageStatistic (UsageStatID, RecipeID, PeriodID, SegmentID, UsageCount, UniqueUsers) VALUES (139, 12, 16, 29, 114, 65);
INSERT INTO RecipeUsageStatistic (UsageStatID, RecipeID, PeriodID, SegmentID, UsageCount, UniqueUsers) VALUES (140, 15, 15, 28, 75, 80);
INSERT INTO RecipeUsageStatistic (UsageStatID, RecipeID, PeriodID, SegmentID, UsageCount, UniqueUsers) VALUES (141, 27, 18, 4, 72, 54);
INSERT INTO RecipeUsageStatistic (UsageStatID, RecipeID, PeriodID, SegmentID, UsageCount, UniqueUsers) VALUES (142, 22, 16, 20, 17, 55);
INSERT INTO RecipeUsageStatistic (UsageStatID, RecipeID, PeriodID, SegmentID, UsageCount, UniqueUsers) VALUES (143, 16, 21, 23, 100, 41);
INSERT INTO RecipeUsageStatistic (UsageStatID, RecipeID, PeriodID, SegmentID, UsageCount, UniqueUsers) VALUES (144, 16, 6, 21, 25, 12);
INSERT INTO RecipeUsageStatistic (UsageStatID, RecipeID, PeriodID, SegmentID, UsageCount, UniqueUsers) VALUES (145, 34, 21, 3, 183, 31);
INSERT INTO RecipeUsageStatistic (UsageStatID, RecipeID, PeriodID, SegmentID, UsageCount, UniqueUsers) VALUES (146, 36, 13, 18, 30, 50);
INSERT INTO RecipeUsageStatistic (UsageStatID, RecipeID, PeriodID, SegmentID, UsageCount, UniqueUsers) VALUES (147, 28, 22, 29, 49, 6);
INSERT INTO RecipeUsageStatistic (UsageStatID, RecipeID, PeriodID, SegmentID, UsageCount, UniqueUsers) VALUES (148, 7, 28, 24, 21, 80);
INSERT INTO RecipeUsageStatistic (UsageStatID, RecipeID, PeriodID, SegmentID, UsageCount, UniqueUsers) VALUES (149, 7, 16, 6, 131, 94);
INSERT INTO RecipeUsageStatistic (UsageStatID, RecipeID, PeriodID, SegmentID, UsageCount, UniqueUsers) VALUES (150, 31, 7, 18, 86, 90);

-- InventoryItem
INSERT INTO InventoryItem (UserID, IngredientID, AddedDate, Quantity, Unit, ExpirationDate, Status) VALUES (34, 23, '2025-11-06', 2.96, 'tbsp', '2025-11-19', 'Expired');
INSERT INTO InventoryItem (UserID, IngredientID, AddedDate, Quantity, Unit, ExpirationDate, Status) VALUES (18, 17, '2025-12-01', 3.79, 'tsp', '2025-12-15', 'Near Expiry');
INSERT INTO InventoryItem (UserID, IngredientID, AddedDate, Quantity, Unit, ExpirationDate, Status) VALUES (28, 6, '2025-11-21', 2.26, 'tsp', '2025-12-19', 'Near Expiry');
INSERT INTO InventoryItem (UserID, IngredientID, AddedDate, Quantity, Unit, ExpirationDate, Status) VALUES (11, 34, '2025-11-04', 4.62, 'g', '2025-11-28', 'Fresh');
INSERT INTO InventoryItem (UserID, IngredientID, AddedDate, Quantity, Unit, ExpirationDate, Status) VALUES (1, 22, '2025-11-22', 2.89, 'tsp', '2025-12-18', 'Near Expiry');
INSERT INTO InventoryItem (UserID, IngredientID, AddedDate, Quantity, Unit, ExpirationDate, Status) VALUES (25, 15, '2025-11-16', 1.33, 'tbsp', '2025-11-25', 'Expired');
INSERT INTO InventoryItem (UserID, IngredientID, AddedDate, Quantity, Unit, ExpirationDate, Status) VALUES (11, 37, '2025-11-27', 2.53, 'lb', '2025-12-05', 'Expired');
INSERT INTO InventoryItem (UserID, IngredientID, AddedDate, Quantity, Unit, ExpirationDate, Status) VALUES (21, 11, '2025-11-14', 4.54, 'kg', '2025-12-02', 'Expired');
INSERT INTO InventoryItem (UserID, IngredientID, AddedDate, Quantity, Unit, ExpirationDate, Status) VALUES (38, 16, '2025-11-12', 3.16, 'g', '2025-11-18', 'Expired');
INSERT INTO InventoryItem (UserID, IngredientID, AddedDate, Quantity, Unit, ExpirationDate, Status) VALUES (27, 23, '2025-12-02', 4.82, 'oz', '2025-12-24', 'Expired');
INSERT INTO InventoryItem (UserID, IngredientID, AddedDate, Quantity, Unit, ExpirationDate, Status) VALUES (30, 21, '2025-11-22', 2.91, 'lb', '2025-11-28', 'Near Expiry');
INSERT INTO InventoryItem (UserID, IngredientID, AddedDate, Quantity, Unit, ExpirationDate, Status) VALUES (9, 33, '2025-11-22', 4.9, 'lb', '2025-12-06', 'Fresh');
INSERT INTO InventoryItem (UserID, IngredientID, AddedDate, Quantity, Unit, ExpirationDate, Status) VALUES (16, 14, '2025-11-16', 0.59, 'tsp', '2025-12-11', 'Fresh');
INSERT INTO InventoryItem (UserID, IngredientID, AddedDate, Quantity, Unit, ExpirationDate, Status) VALUES (10, 40, '2025-11-20', 1.65, 'cup', '2025-12-15', 'Near Expiry');
INSERT INTO InventoryItem (UserID, IngredientID, AddedDate, Quantity, Unit, ExpirationDate, Status) VALUES (10, 3, '2025-11-23', 1.12, 'tbsp', '2025-12-02', 'Expired');
INSERT INTO InventoryItem (UserID, IngredientID, AddedDate, Quantity, Unit, ExpirationDate, Status) VALUES (28, 2, '2025-11-26', 1.7, 'tsp', '2025-12-14', 'Expired');
INSERT INTO InventoryItem (UserID, IngredientID, AddedDate, Quantity, Unit, ExpirationDate, Status) VALUES (35, 38, '2025-11-04', 2.33, 'tsp', '2025-11-11', 'Fresh');
INSERT INTO InventoryItem (UserID, IngredientID, AddedDate, Quantity, Unit, ExpirationDate, Status) VALUES (6, 40, '2025-11-08', 3.89, 'g', '2025-11-18', 'Expired');
INSERT INTO InventoryItem (UserID, IngredientID, AddedDate, Quantity, Unit, ExpirationDate, Status) VALUES (7, 40, '2025-11-26', 2.69, 'g', '2025-11-30', 'Expired');
INSERT INTO InventoryItem (UserID, IngredientID, AddedDate, Quantity, Unit, ExpirationDate, Status) VALUES (29, 5, '2025-11-12', 3.06, 'lb', '2025-11-24', 'Fresh');
INSERT INTO InventoryItem (UserID, IngredientID, AddedDate, Quantity, Unit, ExpirationDate, Status) VALUES (1, 3, '2025-11-20', 0.27, 'cup', '2025-11-22', 'Near Expiry');
INSERT INTO InventoryItem (UserID, IngredientID, AddedDate, Quantity, Unit, ExpirationDate, Status) VALUES (15, 36, '2025-11-30', 1.59, 'cup', '2025-12-12', 'Near Expiry');
INSERT INTO InventoryItem (UserID, IngredientID, AddedDate, Quantity, Unit, ExpirationDate, Status) VALUES (9, 14, '2025-11-22', 4.92, 'tsp', '2025-12-12', 'Fresh');
INSERT INTO InventoryItem (UserID, IngredientID, AddedDate, Quantity, Unit, ExpirationDate, Status) VALUES (2, 35, '2025-11-10', 2.18, 'oz', '2025-12-01', 'Near Expiry');
INSERT INTO InventoryItem (UserID, IngredientID, AddedDate, Quantity, Unit, ExpirationDate, Status) VALUES (26, 28, '2025-11-20', 0.53, 'kg', '2025-12-13', 'Near Expiry');
INSERT INTO InventoryItem (UserID, IngredientID, AddedDate, Quantity, Unit, ExpirationDate, Status) VALUES (38, 20, '2025-11-23', 3.93, 'kg', '2025-12-10', 'Near Expiry');
INSERT INTO InventoryItem (UserID, IngredientID, AddedDate, Quantity, Unit, ExpirationDate, Status) VALUES (34, 8, '2025-11-13', 0.78, 'kg', '2025-12-08', 'Near Expiry');
INSERT INTO InventoryItem (UserID, IngredientID, AddedDate, Quantity, Unit, ExpirationDate, Status) VALUES (7, 5, '2025-11-06', 1.46, 'tbsp', '2025-11-20', 'Fresh');
INSERT INTO InventoryItem (UserID, IngredientID, AddedDate, Quantity, Unit, ExpirationDate, Status) VALUES (9, 11, '2025-11-27', 2.97, 'kg', '2025-12-18', 'Expired');
INSERT INTO InventoryItem (UserID, IngredientID, AddedDate, Quantity, Unit, ExpirationDate, Status) VALUES (11, 17, '2025-11-24', 2.26, 'tbsp', '2025-12-09', 'Near Expiry');
INSERT INTO InventoryItem (UserID, IngredientID, AddedDate, Quantity, Unit, ExpirationDate, Status) VALUES (34, 5, '2025-11-08', 0.67, 'cup', '2025-12-04', 'Fresh');
INSERT INTO InventoryItem (UserID, IngredientID, AddedDate, Quantity, Unit, ExpirationDate, Status) VALUES (2, 19, '2025-11-19', 3.51, 'tsp', '2025-12-11', 'Expired');
INSERT INTO InventoryItem (UserID, IngredientID, AddedDate, Quantity, Unit, ExpirationDate, Status) VALUES (24, 15, '2025-11-23', 3.15, 'cup', '2025-12-07', 'Near Expiry');
INSERT INTO InventoryItem (UserID, IngredientID, AddedDate, Quantity, Unit, ExpirationDate, Status) VALUES (39, 38, '2025-11-08', 4.28, 'kg', '2025-11-22', 'Fresh');
INSERT INTO InventoryItem (UserID, IngredientID, AddedDate, Quantity, Unit, ExpirationDate, Status) VALUES (11, 18, '2025-11-08', 4.64, 'kg', '2025-11-29', 'Expired');
INSERT INTO InventoryItem (UserID, IngredientID, AddedDate, Quantity, Unit, ExpirationDate, Status) VALUES (18, 10, '2025-11-05', 3.11, 'tbsp', '2025-11-22', 'Near Expiry');
INSERT INTO InventoryItem (UserID, IngredientID, AddedDate, Quantity, Unit, ExpirationDate, Status) VALUES (23, 21, '2025-11-15', 3.61, 'oz', '2025-11-18', 'Fresh');
INSERT INTO InventoryItem (UserID, IngredientID, AddedDate, Quantity, Unit, ExpirationDate, Status) VALUES (11, 10, '2025-11-20', 0.54, 'cup', '2025-11-23', 'Expired');
INSERT INTO InventoryItem (UserID, IngredientID, AddedDate, Quantity, Unit, ExpirationDate, Status) VALUES (1, 20, '2025-11-25', 4.65, 'oz', '2025-12-15', 'Fresh');
INSERT INTO InventoryItem (UserID, IngredientID, AddedDate, Quantity, Unit, ExpirationDate, Status) VALUES (26, 2, '2025-12-01', 3.62, 'kg', '2025-12-21', 'Fresh');
INSERT INTO InventoryItem (UserID, IngredientID, AddedDate, Quantity, Unit, ExpirationDate, Status) VALUES (7, 1, '2025-11-22', 4.54, 'tbsp', '2025-11-28', 'Fresh');
INSERT INTO InventoryItem (UserID, IngredientID, AddedDate, Quantity, Unit, ExpirationDate, Status) VALUES (8, 24, '2025-11-29', 1.36, 'cup', '2025-12-17', 'Expired');
INSERT INTO InventoryItem (UserID, IngredientID, AddedDate, Quantity, Unit, ExpirationDate, Status) VALUES (39, 29, '2025-11-24', 0.32, 'lb', '2025-12-22', 'Expired');
INSERT INTO InventoryItem (UserID, IngredientID, AddedDate, Quantity, Unit, ExpirationDate, Status) VALUES (25, 5, '2025-11-09', 3.64, 'oz', '2025-11-18', 'Expired');
INSERT INTO InventoryItem (UserID, IngredientID, AddedDate, Quantity, Unit, ExpirationDate, Status) VALUES (2, 40, '2025-11-29', 0.29, 'lb', '2025-12-07', 'Fresh');
INSERT INTO InventoryItem (UserID, IngredientID, AddedDate, Quantity, Unit, ExpirationDate, Status) VALUES (21, 7, '2025-11-25', 2.1, 'tsp', '2025-12-22', 'Expired');
INSERT INTO InventoryItem (UserID, IngredientID, AddedDate, Quantity, Unit, ExpirationDate, Status) VALUES (33, 31, '2025-11-18', 0.93, 'lb', '2025-12-08', 'Near Expiry');
INSERT INTO InventoryItem (UserID, IngredientID, AddedDate, Quantity, Unit, ExpirationDate, Status) VALUES (2, 20, '2025-12-01', 3.01, 'tbsp', '2025-12-02', 'Near Expiry');
INSERT INTO InventoryItem (UserID, IngredientID, AddedDate, Quantity, Unit, ExpirationDate, Status) VALUES (31, 11, '2025-11-08', 3.5, 'tbsp', '2025-11-21', 'Fresh');
INSERT INTO InventoryItem (UserID, IngredientID, AddedDate, Quantity, Unit, ExpirationDate, Status) VALUES (32, 15, '2025-11-17', 0.12, 'tbsp', '2025-12-08', 'Fresh');
INSERT INTO InventoryItem (UserID, IngredientID, AddedDate, Quantity, Unit, ExpirationDate, Status) VALUES (28, 36, '2025-11-07', 0.71, 'tsp', '2025-12-05', 'Near Expiry');
INSERT INTO InventoryItem (UserID, IngredientID, AddedDate, Quantity, Unit, ExpirationDate, Status) VALUES (19, 9, '2025-11-26', 4.82, 'oz', '2025-11-27', 'Fresh');
INSERT INTO InventoryItem (UserID, IngredientID, AddedDate, Quantity, Unit, ExpirationDate, Status) VALUES (1, 21, '2025-11-09', 4.55, 'g', '2025-11-18', 'Near Expiry');
INSERT INTO InventoryItem (UserID, IngredientID, AddedDate, Quantity, Unit, ExpirationDate, Status) VALUES (25, 5, '2025-11-24', 1.93, 'kg', '2025-12-13', 'Expired');
INSERT INTO InventoryItem (UserID, IngredientID, AddedDate, Quantity, Unit, ExpirationDate, Status) VALUES (22, 32, '2025-11-18', 4.75, 'lb', '2025-11-23', 'Fresh');
INSERT INTO InventoryItem (UserID, IngredientID, AddedDate, Quantity, Unit, ExpirationDate, Status) VALUES (11, 35, '2025-11-10', 2.98, 'oz', '2025-12-02', 'Expired');
INSERT INTO InventoryItem (UserID, IngredientID, AddedDate, Quantity, Unit, ExpirationDate, Status) VALUES (35, 31, '2025-11-22', 1.69, 'tbsp', '2025-12-22', 'Expired');
INSERT INTO InventoryItem (UserID, IngredientID, AddedDate, Quantity, Unit, ExpirationDate, Status) VALUES (15, 18, '2025-11-09', 1.41, 'tbsp', '2025-12-04', 'Near Expiry');
INSERT INTO InventoryItem (UserID, IngredientID, AddedDate, Quantity, Unit, ExpirationDate, Status) VALUES (2, 12, '2025-11-18', 2.68, 'lb', '2025-12-06', 'Fresh');
INSERT INTO InventoryItem (UserID, IngredientID, AddedDate, Quantity, Unit, ExpirationDate, Status) VALUES (33, 34, '2025-11-26', 3.27, 'tbsp', '2025-12-05', 'Expired');

-- UserBudgetProfile
INSERT INTO UserBudgetProfile (UserID, WeeklyBudgetAmount, Currency) VALUES (1, 42.42, 'USD');
INSERT INTO UserBudgetProfile (UserID, WeeklyBudgetAmount, Currency) VALUES (2, 113.45, 'USD');
INSERT INTO UserBudgetProfile (UserID, WeeklyBudgetAmount, Currency) VALUES (3, 94.5, 'USD');
INSERT INTO UserBudgetProfile (UserID, WeeklyBudgetAmount, Currency) VALUES (4, 103.68, 'USD');
INSERT INTO UserBudgetProfile (UserID, WeeklyBudgetAmount, Currency) VALUES (5, 44.5, 'USD');
INSERT INTO UserBudgetProfile (UserID, WeeklyBudgetAmount, Currency) VALUES (6, 142.39, 'USD');
INSERT INTO UserBudgetProfile (UserID, WeeklyBudgetAmount, Currency) VALUES (7, 45.17, 'USD');
INSERT INTO UserBudgetProfile (UserID, WeeklyBudgetAmount, Currency) VALUES (8, 65.2, 'USD');
INSERT INTO UserBudgetProfile (UserID, WeeklyBudgetAmount, Currency) VALUES (9, 121.28, 'USD');
INSERT INTO UserBudgetProfile (UserID, WeeklyBudgetAmount, Currency) VALUES (10, 49.34, 'USD');
INSERT INTO UserBudgetProfile (UserID, WeeklyBudgetAmount, Currency) VALUES (11, 40.19, 'USD');
INSERT INTO UserBudgetProfile (UserID, WeeklyBudgetAmount, Currency) VALUES (12, 110.13, 'USD');
INSERT INTO UserBudgetProfile (UserID, WeeklyBudgetAmount, Currency) VALUES (13, 71.29, 'USD');
INSERT INTO UserBudgetProfile (UserID, WeeklyBudgetAmount, Currency) VALUES (14, 46.09, 'USD');
INSERT INTO UserBudgetProfile (UserID, WeeklyBudgetAmount, Currency) VALUES (15, 118.69, 'USD');
INSERT INTO UserBudgetProfile (UserID, WeeklyBudgetAmount, Currency) VALUES (16, 135.83, 'USD');
INSERT INTO UserBudgetProfile (UserID, WeeklyBudgetAmount, Currency) VALUES (17, 149.07, 'USD');
INSERT INTO UserBudgetProfile (UserID, WeeklyBudgetAmount, Currency) VALUES (18, 42.62, 'USD');
INSERT INTO UserBudgetProfile (UserID, WeeklyBudgetAmount, Currency) VALUES (19, 128.64, 'USD');
INSERT INTO UserBudgetProfile (UserID, WeeklyBudgetAmount, Currency) VALUES (20, 133.48, 'USD');
INSERT INTO UserBudgetProfile (UserID, WeeklyBudgetAmount, Currency) VALUES (21, 27.87, 'USD');
INSERT INTO UserBudgetProfile (UserID, WeeklyBudgetAmount, Currency) VALUES (22, 33.06, 'USD');
INSERT INTO UserBudgetProfile (UserID, WeeklyBudgetAmount, Currency) VALUES (23, 56.17, 'USD');
INSERT INTO UserBudgetProfile (UserID, WeeklyBudgetAmount, Currency) VALUES (24, 75.48, 'USD');
INSERT INTO UserBudgetProfile (UserID, WeeklyBudgetAmount, Currency) VALUES (25, 80.93, 'USD');
INSERT INTO UserBudgetProfile (UserID, WeeklyBudgetAmount, Currency) VALUES (26, 118.6, 'USD');
INSERT INTO UserBudgetProfile (UserID, WeeklyBudgetAmount, Currency) VALUES (27, 126.37, 'USD');
INSERT INTO UserBudgetProfile (UserID, WeeklyBudgetAmount, Currency) VALUES (28, 62.8, 'USD');
INSERT INTO UserBudgetProfile (UserID, WeeklyBudgetAmount, Currency) VALUES (29, 149.7, 'USD');
INSERT INTO UserBudgetProfile (UserID, WeeklyBudgetAmount, Currency) VALUES (30, 85.13, 'USD');
INSERT INTO UserBudgetProfile (UserID, WeeklyBudgetAmount, Currency) VALUES (31, 66.52, 'USD');
INSERT INTO UserBudgetProfile (UserID, WeeklyBudgetAmount, Currency) VALUES (32, 74.18, 'USD');
INSERT INTO UserBudgetProfile (UserID, WeeklyBudgetAmount, Currency) VALUES (33, 61.88, 'USD');
INSERT INTO UserBudgetProfile (UserID, WeeklyBudgetAmount, Currency) VALUES (34, 46.79, 'USD');
INSERT INTO UserBudgetProfile (UserID, WeeklyBudgetAmount, Currency) VALUES (35, 124.43, 'USD');
INSERT INTO UserBudgetProfile (UserID, WeeklyBudgetAmount, Currency) VALUES (36, 106.93, 'USD');
INSERT INTO UserBudgetProfile (UserID, WeeklyBudgetAmount, Currency) VALUES (37, 96.31, 'USD');
INSERT INTO UserBudgetProfile (UserID, WeeklyBudgetAmount, Currency) VALUES (38, 99.79, 'USD');
INSERT INTO UserBudgetProfile (UserID, WeeklyBudgetAmount, Currency) VALUES (39, 55.38, 'USD');
INSERT INTO UserBudgetProfile (UserID, WeeklyBudgetAmount, Currency) VALUES (40, 65.55, 'USD');

-- UsersBudgetProfile
INSERT INTO UsersBudgetProfile (UserID, DietTypes, Notes) VALUES (1, 'Vegan', 'Seek federal really law.');
INSERT INTO UsersBudgetProfile (UserID, DietTypes, Notes) VALUES (2, 'Vegan', 'Building probably south game available.');
INSERT INTO UsersBudgetProfile (UserID, DietTypes, Notes) VALUES (3, 'Vegan', 'Recent outside drug add.');
INSERT INTO UsersBudgetProfile (UserID, DietTypes, Notes) VALUES (4, 'Pescatarian', 'Tree while executive reduce check.');
INSERT INTO UsersBudgetProfile (UserID, DietTypes, Notes) VALUES (5, 'Pescatarian', 'Prepare high dog fall now wish.');
INSERT INTO UsersBudgetProfile (UserID, DietTypes, Notes) VALUES (6, 'Vegetarian', 'Once eight money throw she upon.');
INSERT INTO UsersBudgetProfile (UserID, DietTypes, Notes) VALUES (7, 'None', 'Region door employee conference great because.');
INSERT INTO UsersBudgetProfile (UserID, DietTypes, Notes) VALUES (8, 'Gluten Free', 'Military fish fear until born pattern rule.');
INSERT INTO UsersBudgetProfile (UserID, DietTypes, Notes) VALUES (9, 'Pescatarian', 'Answer concern student already author consumer.');
INSERT INTO UsersBudgetProfile (UserID, DietTypes, Notes) VALUES (10, 'None', 'Sea art spend plant.');
INSERT INTO UsersBudgetProfile (UserID, DietTypes, Notes) VALUES (11, 'Vegetarian', 'Message know sister company.');
INSERT INTO UsersBudgetProfile (UserID, DietTypes, Notes) VALUES (12, 'None', 'Stage walk news such perhaps commercial white.');
INSERT INTO UsersBudgetProfile (UserID, DietTypes, Notes) VALUES (13, 'Pescatarian', 'Already ten into machine firm.');
INSERT INTO UsersBudgetProfile (UserID, DietTypes, Notes) VALUES (14, 'Vegetarian', 'Score worry sell bank.');
INSERT INTO UsersBudgetProfile (UserID, DietTypes, Notes) VALUES (15, 'Vegan', 'Capital by watch deal development teacher could together.');
INSERT INTO UsersBudgetProfile (UserID, DietTypes, Notes) VALUES (16, 'Vegetarian', 'Artist how produce town court thus.');
INSERT INTO UsersBudgetProfile (UserID, DietTypes, Notes) VALUES (17, 'Pescatarian', 'Price eight social current they.');
INSERT INTO UsersBudgetProfile (UserID, DietTypes, Notes) VALUES (18, 'Vegan', 'That nature media week organization memory performance power.');
INSERT INTO UsersBudgetProfile (UserID, DietTypes, Notes) VALUES (19, 'Pescatarian', 'Create star drop bed.');
INSERT INTO UsersBudgetProfile (UserID, DietTypes, Notes) VALUES (20, 'Vegan', 'Art culture two daughter affect reach.');
INSERT INTO UsersBudgetProfile (UserID, DietTypes, Notes) VALUES (21, 'Gluten Free', 'Hot degree evening employee cut six.');
INSERT INTO UsersBudgetProfile (UserID, DietTypes, Notes) VALUES (22, 'Gluten Free', 'Manager back whom with word.');
INSERT INTO UsersBudgetProfile (UserID, DietTypes, Notes) VALUES (23, 'None', 'Stuff yeah strategy real give girl.');
INSERT INTO UsersBudgetProfile (UserID, DietTypes, Notes) VALUES (24, 'None', 'Who morning its represent Republican.');
INSERT INTO UsersBudgetProfile (UserID, DietTypes, Notes) VALUES (25, 'Vegetarian', 'Both task might might remain anyone.');
INSERT INTO UsersBudgetProfile (UserID, DietTypes, Notes) VALUES (26, 'Pescatarian', 'Majority campaign effort right glass.');
INSERT INTO UsersBudgetProfile (UserID, DietTypes, Notes) VALUES (27, 'Vegan', 'Mention rock again either every example size.');
INSERT INTO UsersBudgetProfile (UserID, DietTypes, Notes) VALUES (28, 'Gluten Free', 'Policy tend inside room likely among.');
INSERT INTO UsersBudgetProfile (UserID, DietTypes, Notes) VALUES (29, 'Gluten Free', 'Early authority physical remember gun.');
INSERT INTO UsersBudgetProfile (UserID, DietTypes, Notes) VALUES (30, 'Pescatarian', 'Eye ever always perform.');
INSERT INTO UsersBudgetProfile (UserID, DietTypes, Notes) VALUES (31, 'Vegan', 'Mean soon position about daughter note keep involve.');
INSERT INTO UsersBudgetProfile (UserID, DietTypes, Notes) VALUES (32, 'None', 'Clearly once building happen including evening.');
INSERT INTO UsersBudgetProfile (UserID, DietTypes, Notes) VALUES (33, 'Vegetarian', 'Share song cold.');
INSERT INTO UsersBudgetProfile (UserID, DietTypes, Notes) VALUES (34, 'Vegan', 'Make fly economy growth.');
INSERT INTO UsersBudgetProfile (UserID, DietTypes, Notes) VALUES (35, 'Vegan', 'Create save director organization American yard door.');
INSERT INTO UsersBudgetProfile (UserID, DietTypes, Notes) VALUES (36, 'Vegetarian', 'Republican stand catch character product inside ago.');
INSERT INTO UsersBudgetProfile (UserID, DietTypes, Notes) VALUES (37, 'None', 'Sign beyond market reason election eat.');
INSERT INTO UsersBudgetProfile (UserID, DietTypes, Notes) VALUES (38, 'Vegan', 'Produce rise material threat sure water month.');
INSERT INTO UsersBudgetProfile (UserID, DietTypes, Notes) VALUES (39, 'Vegan', 'Shake manager major certain physical develop.');
INSERT INTO UsersBudgetProfile (UserID, DietTypes, Notes) VALUES (40, 'None', 'Special but film several station.');

-- FavoriteRecipe
INSERT INTO FavoriteRecipe (UserID, RecipeID, FavoritedDate) VALUES (22, 35, '2025-10-10');
INSERT INTO FavoriteRecipe (UserID, RecipeID, FavoritedDate) VALUES (40, 17, '2025-07-20');
INSERT INTO FavoriteRecipe (UserID, RecipeID, FavoritedDate) VALUES (33, 14, '2025-08-20');
INSERT INTO FavoriteRecipe (UserID, RecipeID, FavoritedDate) VALUES (18, 36, '2025-07-01');
INSERT INTO FavoriteRecipe (UserID, RecipeID, FavoritedDate) VALUES (21, 39, '2025-10-30');
INSERT INTO FavoriteRecipe (UserID, RecipeID, FavoritedDate) VALUES (4, 13, '2025-09-17');
INSERT INTO FavoriteRecipe (UserID, RecipeID, FavoritedDate) VALUES (10, 6, '2025-08-29');
INSERT INTO FavoriteRecipe (UserID, RecipeID, FavoritedDate) VALUES (37, 11, '2025-08-17');
INSERT INTO FavoriteRecipe (UserID, RecipeID, FavoritedDate) VALUES (30, 39, '2025-10-08');
INSERT INTO FavoriteRecipe (UserID, RecipeID, FavoritedDate) VALUES (39, 20, '2025-09-05');
INSERT INTO FavoriteRecipe (UserID, RecipeID, FavoritedDate) VALUES (23, 17, '2025-08-17');
INSERT INTO FavoriteRecipe (UserID, RecipeID, FavoritedDate) VALUES (36, 19, '2025-06-24');
INSERT INTO FavoriteRecipe (UserID, RecipeID, FavoritedDate) VALUES (35, 36, '2025-07-08');
INSERT INTO FavoriteRecipe (UserID, RecipeID, FavoritedDate) VALUES (32, 17, '2025-07-27');
INSERT INTO FavoriteRecipe (UserID, RecipeID, FavoritedDate) VALUES (36, 30, '2025-10-20');
INSERT INTO FavoriteRecipe (UserID, RecipeID, FavoritedDate) VALUES (34, 9, '2025-06-11');
INSERT INTO FavoriteRecipe (UserID, RecipeID, FavoritedDate) VALUES (39, 12, '2025-06-11');
INSERT INTO FavoriteRecipe (UserID, RecipeID, FavoritedDate) VALUES (38, 40, '2025-08-10');
INSERT INTO FavoriteRecipe (UserID, RecipeID, FavoritedDate) VALUES (4, 24, '2025-09-19');
INSERT INTO FavoriteRecipe (UserID, RecipeID, FavoritedDate) VALUES (7, 37, '2025-06-06');
INSERT INTO FavoriteRecipe (UserID, RecipeID, FavoritedDate) VALUES (39, 33, '2025-11-19');
INSERT INTO FavoriteRecipe (UserID, RecipeID, FavoritedDate) VALUES (20, 21, '2025-06-25');
INSERT INTO FavoriteRecipe (UserID, RecipeID, FavoritedDate) VALUES (4, 31, '2025-11-27');
INSERT INTO FavoriteRecipe (UserID, RecipeID, FavoritedDate) VALUES (17, 38, '2025-07-09');
INSERT INTO FavoriteRecipe (UserID, RecipeID, FavoritedDate) VALUES (36, 29, '2025-09-26');
INSERT INTO FavoriteRecipe (UserID, RecipeID, FavoritedDate) VALUES (25, 5, '2025-06-05');
INSERT INTO FavoriteRecipe (UserID, RecipeID, FavoritedDate) VALUES (16, 30, '2025-08-13');
INSERT INTO FavoriteRecipe (UserID, RecipeID, FavoritedDate) VALUES (18, 21, '2025-09-01');
INSERT INTO FavoriteRecipe (UserID, RecipeID, FavoritedDate) VALUES (13, 4, '2025-06-13');
INSERT INTO FavoriteRecipe (UserID, RecipeID, FavoritedDate) VALUES (25, 38, '2025-11-25');
INSERT INTO FavoriteRecipe (UserID, RecipeID, FavoritedDate) VALUES (18, 11, '2025-07-21');
INSERT INTO FavoriteRecipe (UserID, RecipeID, FavoritedDate) VALUES (9, 6, '2025-10-08');
INSERT INTO FavoriteRecipe (UserID, RecipeID, FavoritedDate) VALUES (8, 39, '2025-06-16');
INSERT INTO FavoriteRecipe (UserID, RecipeID, FavoritedDate) VALUES (18, 18, '2025-06-04');
INSERT INTO FavoriteRecipe (UserID, RecipeID, FavoritedDate) VALUES (23, 40, '2025-10-23');
INSERT INTO FavoriteRecipe (UserID, RecipeID, FavoritedDate) VALUES (36, 36, '2025-09-20');
INSERT INTO FavoriteRecipe (UserID, RecipeID, FavoritedDate) VALUES (24, 19, '2025-07-10');
INSERT INTO FavoriteRecipe (UserID, RecipeID, FavoritedDate) VALUES (3, 3, '2025-11-25');
INSERT INTO FavoriteRecipe (UserID, RecipeID, FavoritedDate) VALUES (15, 5, '2025-08-14');
INSERT INTO FavoriteRecipe (UserID, RecipeID, FavoritedDate) VALUES (40, 15, '2025-07-06');
INSERT INTO FavoriteRecipe (UserID, RecipeID, FavoritedDate) VALUES (24, 8, '2025-09-06');
INSERT INTO FavoriteRecipe (UserID, RecipeID, FavoritedDate) VALUES (4, 30, '2025-09-27');
INSERT INTO FavoriteRecipe (UserID, RecipeID, FavoritedDate) VALUES (5, 38, '2025-07-08');
INSERT INTO FavoriteRecipe (UserID, RecipeID, FavoritedDate) VALUES (24, 38, '2025-09-06');
INSERT INTO FavoriteRecipe (UserID, RecipeID, FavoritedDate) VALUES (33, 2, '2025-11-29');
INSERT INTO FavoriteRecipe (UserID, RecipeID, FavoritedDate) VALUES (5, 6, '2025-08-24');
INSERT INTO FavoriteRecipe (UserID, RecipeID, FavoritedDate) VALUES (13, 7, '2025-11-18');
INSERT INTO FavoriteRecipe (UserID, RecipeID, FavoritedDate) VALUES (22, 18, '2025-08-26');
INSERT INTO FavoriteRecipe (UserID, RecipeID, FavoritedDate) VALUES (24, 34, '2025-07-27');
INSERT INTO FavoriteRecipe (UserID, RecipeID, FavoritedDate) VALUES (39, 16, '2025-12-01');
INSERT INTO FavoriteRecipe (UserID, RecipeID, FavoritedDate) VALUES (40, 28, '2025-07-11');
INSERT INTO FavoriteRecipe (UserID, RecipeID, FavoritedDate) VALUES (2, 38, '2025-11-27');
INSERT INTO FavoriteRecipe (UserID, RecipeID, FavoritedDate) VALUES (25, 34, '2025-10-04');
INSERT INTO FavoriteRecipe (UserID, RecipeID, FavoritedDate) VALUES (28, 36, '2025-11-26');
INSERT INTO FavoriteRecipe (UserID, RecipeID, FavoritedDate) VALUES (28, 33, '2025-11-27');
INSERT INTO FavoriteRecipe (UserID, RecipeID, FavoritedDate) VALUES (28, 16, '2025-10-03');
INSERT INTO FavoriteRecipe (UserID, RecipeID, FavoritedDate) VALUES (12, 26, '2025-10-03');
INSERT INTO FavoriteRecipe (UserID, RecipeID, FavoritedDate) VALUES (18, 20, '2025-07-10');
INSERT INTO FavoriteRecipe (UserID, RecipeID, FavoritedDate) VALUES (37, 16, '2025-08-14');
INSERT INTO FavoriteRecipe (UserID, RecipeID, FavoritedDate) VALUES (32, 14, '2025-11-16');
INSERT INTO FavoriteRecipe (UserID, RecipeID, FavoritedDate) VALUES (24, 24, '2025-08-01');
INSERT INTO FavoriteRecipe (UserID, RecipeID, FavoritedDate) VALUES (17, 11, '2025-06-04');
INSERT INTO FavoriteRecipe (UserID, RecipeID, FavoritedDate) VALUES (25, 28, '2025-10-09');
INSERT INTO FavoriteRecipe (UserID, RecipeID, FavoritedDate) VALUES (29, 32, '2025-08-30');
INSERT INTO FavoriteRecipe (UserID, RecipeID, FavoritedDate) VALUES (10, 7, '2025-09-05');
INSERT INTO FavoriteRecipe (UserID, RecipeID, FavoritedDate) VALUES (13, 5, '2025-11-16');
INSERT INTO FavoriteRecipe (UserID, RecipeID, FavoritedDate) VALUES (12, 25, '2025-08-02');
INSERT INTO FavoriteRecipe (UserID, RecipeID, FavoritedDate) VALUES (35, 10, '2025-10-21');
INSERT INTO FavoriteRecipe (UserID, RecipeID, FavoritedDate) VALUES (10, 10, '2025-11-20');
INSERT INTO FavoriteRecipe (UserID, RecipeID, FavoritedDate) VALUES (6, 28, '2025-06-18');
INSERT INTO FavoriteRecipe (UserID, RecipeID, FavoritedDate) VALUES (20, 26, '2025-09-03');
INSERT INTO FavoriteRecipe (UserID, RecipeID, FavoritedDate) VALUES (38, 35, '2025-08-21');
INSERT INTO FavoriteRecipe (UserID, RecipeID, FavoritedDate) VALUES (39, 39, '2025-07-01');
INSERT INTO FavoriteRecipe (UserID, RecipeID, FavoritedDate) VALUES (10, 4, '2025-08-27');
INSERT INTO FavoriteRecipe (UserID, RecipeID, FavoritedDate) VALUES (28, 17, '2025-07-27');
INSERT INTO FavoriteRecipe (UserID, RecipeID, FavoritedDate) VALUES (27, 7, '2025-06-17');
INSERT INTO FavoriteRecipe (UserID, RecipeID, FavoritedDate) VALUES (14, 18, '2025-09-16');
INSERT INTO FavoriteRecipe (UserID, RecipeID, FavoritedDate) VALUES (12, 29, '2025-06-09');
INSERT INTO FavoriteRecipe (UserID, RecipeID, FavoritedDate) VALUES (30, 9, '2025-07-02');
INSERT INTO FavoriteRecipe (UserID, RecipeID, FavoritedDate) VALUES (33, 11, '2025-06-15');
INSERT INTO FavoriteRecipe (UserID, RecipeID, FavoritedDate) VALUES (11, 9, '2025-06-24');
INSERT INTO FavoriteRecipe (UserID, RecipeID, FavoritedDate) VALUES (29, 2, '2025-09-11');
INSERT INTO FavoriteRecipe (UserID, RecipeID, FavoritedDate) VALUES (10, 17, '2025-11-11');
INSERT INTO FavoriteRecipe (UserID, RecipeID, FavoritedDate) VALUES (20, 17, '2025-08-18');
INSERT INTO FavoriteRecipe (UserID, RecipeID, FavoritedDate) VALUES (3, 22, '2025-09-14');
INSERT INTO FavoriteRecipe (UserID, RecipeID, FavoritedDate) VALUES (30, 36, '2025-11-28');
INSERT INTO FavoriteRecipe (UserID, RecipeID, FavoritedDate) VALUES (27, 39, '2025-06-12');
INSERT INTO FavoriteRecipe (UserID, RecipeID, FavoritedDate) VALUES (35, 8, '2025-09-06');
INSERT INTO FavoriteRecipe (UserID, RecipeID, FavoritedDate) VALUES (4, 27, '2025-09-05');
INSERT INTO FavoriteRecipe (UserID, RecipeID, FavoritedDate) VALUES (9, 2, '2025-09-21');
INSERT INTO FavoriteRecipe (UserID, RecipeID, FavoritedDate) VALUES (11, 36, '2025-09-12');
INSERT INTO FavoriteRecipe (UserID, RecipeID, FavoritedDate) VALUES (13, 19, '2025-07-03');
INSERT INTO FavoriteRecipe (UserID, RecipeID, FavoritedDate) VALUES (7, 19, '2025-06-08');
INSERT INTO FavoriteRecipe (UserID, RecipeID, FavoritedDate) VALUES (6, 31, '2025-06-20');
INSERT INTO FavoriteRecipe (UserID, RecipeID, FavoritedDate) VALUES (30, 18, '2025-10-21');
INSERT INTO FavoriteRecipe (UserID, RecipeID, FavoritedDate) VALUES (6, 21, '2025-11-24');
INSERT INTO FavoriteRecipe (UserID, RecipeID, FavoritedDate) VALUES (38, 28, '2025-08-13');
INSERT INTO FavoriteRecipe (UserID, RecipeID, FavoritedDate) VALUES (2, 2, '2025-10-21');
INSERT INTO FavoriteRecipe (UserID, RecipeID, FavoritedDate) VALUES (32, 2, '2025-08-15');
INSERT INTO FavoriteRecipe (UserID, RecipeID, FavoritedDate) VALUES (16, 4, '2025-06-07');
INSERT INTO FavoriteRecipe (UserID, RecipeID, FavoritedDate) VALUES (15, 34, '2025-09-21');
INSERT INTO FavoriteRecipe (UserID, RecipeID, FavoritedDate) VALUES (6, 7, '2025-07-11');
INSERT INTO FavoriteRecipe (UserID, RecipeID, FavoritedDate) VALUES (25, 24, '2025-09-28');
INSERT INTO FavoriteRecipe (UserID, RecipeID, FavoritedDate) VALUES (8, 8, '2025-07-19');
INSERT INTO FavoriteRecipe (UserID, RecipeID, FavoritedDate) VALUES (18, 1, '2025-07-09');
INSERT INTO FavoriteRecipe (UserID, RecipeID, FavoritedDate) VALUES (35, 7, '2025-06-07');
INSERT INTO FavoriteRecipe (UserID, RecipeID, FavoritedDate) VALUES (35, 30, '2025-07-01');
INSERT INTO FavoriteRecipe (UserID, RecipeID, FavoritedDate) VALUES (39, 22, '2025-10-22');
INSERT INTO FavoriteRecipe (UserID, RecipeID, FavoritedDate) VALUES (39, 32, '2025-06-05');
INSERT INTO FavoriteRecipe (UserID, RecipeID, FavoritedDate) VALUES (12, 32, '2025-12-01');
INSERT INTO FavoriteRecipe (UserID, RecipeID, FavoritedDate) VALUES (30, 25, '2025-11-30');
INSERT INTO FavoriteRecipe (UserID, RecipeID, FavoritedDate) VALUES (7, 38, '2025-08-31');
INSERT INTO FavoriteRecipe (UserID, RecipeID, FavoritedDate) VALUES (8, 29, '2025-08-16');
INSERT INTO FavoriteRecipe (UserID, RecipeID, FavoritedDate) VALUES (31, 21, '2025-08-31');
INSERT INTO FavoriteRecipe (UserID, RecipeID, FavoritedDate) VALUES (6, 37, '2025-08-31');
INSERT INTO FavoriteRecipe (UserID, RecipeID, FavoritedDate) VALUES (31, 16, '2025-10-27');
INSERT INTO FavoriteRecipe (UserID, RecipeID, FavoritedDate) VALUES (13, 35, '2025-09-08');
INSERT INTO FavoriteRecipe (UserID, RecipeID, FavoritedDate) VALUES (2, 29, '2025-08-21');
INSERT INTO FavoriteRecipe (UserID, RecipeID, FavoritedDate) VALUES (14, 35, '2025-07-23');
INSERT INTO FavoriteRecipe (UserID, RecipeID, FavoritedDate) VALUES (9, 23, '2025-11-25');
INSERT INTO FavoriteRecipe (UserID, RecipeID, FavoritedDate) VALUES (18, 6, '2025-08-04');
INSERT INTO FavoriteRecipe (UserID, RecipeID, FavoritedDate) VALUES (37, 13, '2025-09-19');
INSERT INTO FavoriteRecipe (UserID, RecipeID, FavoritedDate) VALUES (10, 11, '2025-06-28');
INSERT INTO FavoriteRecipe (UserID, RecipeID, FavoritedDate) VALUES (6, 22, '2025-11-16');
INSERT INTO FavoriteRecipe (UserID, RecipeID, FavoritedDate) VALUES (5, 24, '2025-11-25');
INSERT INTO FavoriteRecipe (UserID, RecipeID, FavoritedDate) VALUES (15, 26, '2025-08-28');
INSERT INTO FavoriteRecipe (UserID, RecipeID, FavoritedDate) VALUES (7, 36, '2025-09-28');
INSERT INTO FavoriteRecipe (UserID, RecipeID, FavoritedDate) VALUES (22, 6, '2025-07-11');
INSERT INTO FavoriteRecipe (UserID, RecipeID, FavoritedDate) VALUES (19, 14, '2025-10-20');
INSERT INTO FavoriteRecipe (UserID, RecipeID, FavoritedDate) VALUES (19, 12, '2025-11-24');
INSERT INTO FavoriteRecipe (UserID, RecipeID, FavoritedDate) VALUES (34, 24, '2025-07-28');
INSERT INTO FavoriteRecipe (UserID, RecipeID, FavoritedDate) VALUES (12, 10, '2025-11-09');
INSERT INTO FavoriteRecipe (UserID, RecipeID, FavoritedDate) VALUES (16, 18, '2025-10-16');
INSERT INTO FavoriteRecipe (UserID, RecipeID, FavoritedDate) VALUES (2, 36, '2025-11-26');
INSERT INTO FavoriteRecipe (UserID, RecipeID, FavoritedDate) VALUES (23, 4, '2025-11-05');
INSERT INTO FavoriteRecipe (UserID, RecipeID, FavoritedDate) VALUES (37, 9, '2025-11-21');
INSERT INTO FavoriteRecipe (UserID, RecipeID, FavoritedDate) VALUES (15, 9, '2025-11-22');
INSERT INTO FavoriteRecipe (UserID, RecipeID, FavoritedDate) VALUES (40, 11, '2025-09-01');
INSERT INTO FavoriteRecipe (UserID, RecipeID, FavoritedDate) VALUES (13, 8, '2025-09-25');
INSERT INTO FavoriteRecipe (UserID, RecipeID, FavoritedDate) VALUES (34, 38, '2025-10-23');
INSERT INTO FavoriteRecipe (UserID, RecipeID, FavoritedDate) VALUES (34, 21, '2025-09-28');
INSERT INTO FavoriteRecipe (UserID, RecipeID, FavoritedDate) VALUES (4, 33, '2025-09-06');
INSERT INTO FavoriteRecipe (UserID, RecipeID, FavoritedDate) VALUES (5, 17, '2025-09-23');
INSERT INTO FavoriteRecipe (UserID, RecipeID, FavoritedDate) VALUES (19, 4, '2025-07-25');
INSERT INTO FavoriteRecipe (UserID, RecipeID, FavoritedDate) VALUES (11, 10, '2025-08-02');
INSERT INTO FavoriteRecipe (UserID, RecipeID, FavoritedDate) VALUES (21, 18, '2025-11-05');
INSERT INTO FavoriteRecipe (UserID, RecipeID, FavoritedDate) VALUES (27, 22, '2025-11-24');
INSERT INTO FavoriteRecipe (UserID, RecipeID, FavoritedDate) VALUES (38, 39, '2025-09-21');
INSERT INTO FavoriteRecipe (UserID, RecipeID, FavoritedDate) VALUES (31, 3, '2025-08-13');
INSERT INTO FavoriteRecipe (UserID, RecipeID, FavoritedDate) VALUES (10, 29, '2025-07-27');

-- MealPlan
INSERT INTO MealPlan (MealPlanID, UserID, StartDate, EndDate, IsSaved) VALUES (1, 32, '2025-11-11', '2025-11-17', 1);
INSERT INTO MealPlan (MealPlanID, UserID, StartDate, EndDate, IsSaved) VALUES (2, 23, '2025-11-18', '2025-11-24', 1);
INSERT INTO MealPlan (MealPlanID, UserID, StartDate, EndDate, IsSaved) VALUES (3, 4, '2025-11-23', '2025-11-29', 1);
INSERT INTO MealPlan (MealPlanID, UserID, StartDate, EndDate, IsSaved) VALUES (4, 22, '2025-11-17', '2025-11-23', 1);
INSERT INTO MealPlan (MealPlanID, UserID, StartDate, EndDate, IsSaved) VALUES (5, 19, '2025-11-22', '2025-11-28', 1);
INSERT INTO MealPlan (MealPlanID, UserID, StartDate, EndDate, IsSaved) VALUES (6, 25, '2025-11-06', '2025-11-12', 1);
INSERT INTO MealPlan (MealPlanID, UserID, StartDate, EndDate, IsSaved) VALUES (7, 35, '2025-11-04', '2025-11-10', 1);
INSERT INTO MealPlan (MealPlanID, UserID, StartDate, EndDate, IsSaved) VALUES (8, 26, '2025-11-05', '2025-11-11', 1);
INSERT INTO MealPlan (MealPlanID, UserID, StartDate, EndDate, IsSaved) VALUES (9, 9, '2025-11-26', '2025-12-02', 1);
INSERT INTO MealPlan (MealPlanID, UserID, StartDate, EndDate, IsSaved) VALUES (10, 11, '2025-11-03', '2025-11-09', 1);
INSERT INTO MealPlan (MealPlanID, UserID, StartDate, EndDate, IsSaved) VALUES (11, 27, '2025-11-29', '2025-12-05', 1);
INSERT INTO MealPlan (MealPlanID, UserID, StartDate, EndDate, IsSaved) VALUES (12, 30, '2025-11-14', '2025-11-20', 1);
INSERT INTO MealPlan (MealPlanID, UserID, StartDate, EndDate, IsSaved) VALUES (13, 23, '2025-11-07', '2025-11-13', 1);
INSERT INTO MealPlan (MealPlanID, UserID, StartDate, EndDate, IsSaved) VALUES (14, 33, '2025-11-10', '2025-11-16', 1);
INSERT INTO MealPlan (MealPlanID, UserID, StartDate, EndDate, IsSaved) VALUES (15, 38, '2025-11-23', '2025-11-29', 1);
INSERT INTO MealPlan (MealPlanID, UserID, StartDate, EndDate, IsSaved) VALUES (16, 5, '2025-11-08', '2025-11-14', 1);
INSERT INTO MealPlan (MealPlanID, UserID, StartDate, EndDate, IsSaved) VALUES (17, 26, '2025-11-19', '2025-11-25', 1);
INSERT INTO MealPlan (MealPlanID, UserID, StartDate, EndDate, IsSaved) VALUES (18, 7, '2025-11-17', '2025-11-23', 1);
INSERT INTO MealPlan (MealPlanID, UserID, StartDate, EndDate, IsSaved) VALUES (19, 10, '2025-12-01', '2025-12-07', 1);
INSERT INTO MealPlan (MealPlanID, UserID, StartDate, EndDate, IsSaved) VALUES (20, 19, '2025-12-02', '2025-12-08', 1);
INSERT INTO MealPlan (MealPlanID, UserID, StartDate, EndDate, IsSaved) VALUES (21, 8, '2025-11-12', '2025-11-18', 1);
INSERT INTO MealPlan (MealPlanID, UserID, StartDate, EndDate, IsSaved) VALUES (22, 13, '2025-11-04', '2025-11-10', 1);
INSERT INTO MealPlan (MealPlanID, UserID, StartDate, EndDate, IsSaved) VALUES (23, 5, '2025-11-09', '2025-11-15', 1);
INSERT INTO MealPlan (MealPlanID, UserID, StartDate, EndDate, IsSaved) VALUES (24, 23, '2025-11-05', '2025-11-11', 1);
INSERT INTO MealPlan (MealPlanID, UserID, StartDate, EndDate, IsSaved) VALUES (25, 2, '2025-11-03', '2025-11-09', 1);
INSERT INTO MealPlan (MealPlanID, UserID, StartDate, EndDate, IsSaved) VALUES (26, 8, '2025-11-20', '2025-11-26', 1);
INSERT INTO MealPlan (MealPlanID, UserID, StartDate, EndDate, IsSaved) VALUES (27, 11, '2025-11-03', '2025-11-09', 1);
INSERT INTO MealPlan (MealPlanID, UserID, StartDate, EndDate, IsSaved) VALUES (28, 22, '2025-11-28', '2025-12-04', 1);
INSERT INTO MealPlan (MealPlanID, UserID, StartDate, EndDate, IsSaved) VALUES (29, 15, '2025-11-25', '2025-12-01', 1);
INSERT INTO MealPlan (MealPlanID, UserID, StartDate, EndDate, IsSaved) VALUES (30, 36, '2025-12-02', '2025-12-08', 1);
INSERT INTO MealPlan (MealPlanID, UserID, StartDate, EndDate, IsSaved) VALUES (31, 32, '2025-11-17', '2025-11-23', 1);
INSERT INTO MealPlan (MealPlanID, UserID, StartDate, EndDate, IsSaved) VALUES (32, 19, '2025-11-10', '2025-11-16', 1);
INSERT INTO MealPlan (MealPlanID, UserID, StartDate, EndDate, IsSaved) VALUES (33, 13, '2025-12-02', '2025-12-08', 1);
INSERT INTO MealPlan (MealPlanID, UserID, StartDate, EndDate, IsSaved) VALUES (34, 9, '2025-12-02', '2025-12-08', 1);
INSERT INTO MealPlan (MealPlanID, UserID, StartDate, EndDate, IsSaved) VALUES (35, 32, '2025-11-12', '2025-11-18', 1);
INSERT INTO MealPlan (MealPlanID, UserID, StartDate, EndDate, IsSaved) VALUES (36, 17, '2025-11-20', '2025-11-26', 1);
INSERT INTO MealPlan (MealPlanID, UserID, StartDate, EndDate, IsSaved) VALUES (37, 38, '2025-11-25', '2025-12-01', 1);
INSERT INTO MealPlan (MealPlanID, UserID, StartDate, EndDate, IsSaved) VALUES (38, 8, '2025-11-07', '2025-11-13', 1);
INSERT INTO MealPlan (MealPlanID, UserID, StartDate, EndDate, IsSaved) VALUES (39, 16, '2025-11-30', '2025-12-06', 1);
INSERT INTO MealPlan (MealPlanID, UserID, StartDate, EndDate, IsSaved) VALUES (40, 19, '2025-11-10', '2025-11-16', 1);

-- MealPlanEntry
INSERT INTO MealPlanEntry (MealPlanID, Date, MealType, RecipeID, Notes) VALUES (16, '2025-12-08', 'Dinner', 34, 'Create discussion base head catch movie.');
INSERT INTO MealPlanEntry (MealPlanID, Date, MealType, RecipeID, Notes) VALUES (18, '2025-12-04', 'Breakfast', 28, 'Political fill color Republican.');
INSERT INTO MealPlanEntry (MealPlanID, Date, MealType, RecipeID, Notes) VALUES (8, '2025-12-08', 'Breakfast', 39, 'Summer newspaper top fight artist effort participant.');
INSERT INTO MealPlanEntry (MealPlanID, Date, MealType, RecipeID, Notes) VALUES (38, '2025-12-09', 'Breakfast', 1, 'Perhaps same particularly indeed might lay.');
INSERT INTO MealPlanEntry (MealPlanID, Date, MealType, RecipeID, Notes) VALUES (38, '2025-12-04', 'Breakfast', 14, 'Important help political reality.');
INSERT INTO MealPlanEntry (MealPlanID, Date, MealType, RecipeID, Notes) VALUES (22, '2025-12-05', 'Breakfast', 36, 'Sometimes claim generation itself husband.');
INSERT INTO MealPlanEntry (MealPlanID, Date, MealType, RecipeID, Notes) VALUES (10, '2025-12-07', 'Dinner', 37, 'Rule common source not discuss.');
INSERT INTO MealPlanEntry (MealPlanID, Date, MealType, RecipeID, Notes) VALUES (37, '2025-12-03', 'Lunch', 8, 'By believe herself she.');
INSERT INTO MealPlanEntry (MealPlanID, Date, MealType, RecipeID, Notes) VALUES (8, '2025-12-03', 'Breakfast', 33, 'Most difficult themselves.');
INSERT INTO MealPlanEntry (MealPlanID, Date, MealType, RecipeID, Notes) VALUES (33, '2025-12-05', 'Lunch', 34, 'System east off technology interview from edge.');
INSERT INTO MealPlanEntry (MealPlanID, Date, MealType, RecipeID, Notes) VALUES (29, '2025-12-07', 'Lunch', 28, 'Or heavy report season.');
INSERT INTO MealPlanEntry (MealPlanID, Date, MealType, RecipeID, Notes) VALUES (40, '2025-12-05', 'Dinner', 8, 'Rest PM beautiful.');
INSERT INTO MealPlanEntry (MealPlanID, Date, MealType, RecipeID, Notes) VALUES (14, '2025-12-07', 'Dinner', 29, 'Law boy stand read before audience value meet.');
INSERT INTO MealPlanEntry (MealPlanID, Date, MealType, RecipeID, Notes) VALUES (28, '2025-12-05', 'Lunch', 27, 'Fight quality everyone offer provide.');
INSERT INTO MealPlanEntry (MealPlanID, Date, MealType, RecipeID, Notes) VALUES (3, '2025-12-08', 'Dinner', 4, 'Live within behavior all.');
INSERT INTO MealPlanEntry (MealPlanID, Date, MealType, RecipeID, Notes) VALUES (30, '2025-12-09', 'Breakfast', 5, 'Cover director this job despite whatever exist.');
INSERT INTO MealPlanEntry (MealPlanID, Date, MealType, RecipeID, Notes) VALUES (16, '2025-12-08', 'Breakfast', 4, 'Include throughout mouth case miss.');
INSERT INTO MealPlanEntry (MealPlanID, Date, MealType, RecipeID, Notes) VALUES (25, '2025-12-04', 'Dinner', 36, 'Meet doctor moment word.');
INSERT INTO MealPlanEntry (MealPlanID, Date, MealType, RecipeID, Notes) VALUES (2, '2025-12-05', 'Dinner', 22, 'Call couple economy seven provide send debate.');
INSERT INTO MealPlanEntry (MealPlanID, Date, MealType, RecipeID, Notes) VALUES (20, '2025-12-09', 'Lunch', 40, 'Her guy central thus couple someone.');
INSERT INTO MealPlanEntry (MealPlanID, Date, MealType, RecipeID, Notes) VALUES (39, '2025-12-06', 'Breakfast', 11, 'Point ask your school part put.');
INSERT INTO MealPlanEntry (MealPlanID, Date, MealType, RecipeID, Notes) VALUES (19, '2025-12-08', 'Dinner', 20, 'Would account point.');
INSERT INTO MealPlanEntry (MealPlanID, Date, MealType, RecipeID, Notes) VALUES (13, '2025-12-03', 'Breakfast', 4, 'Federal might wear tend.');
INSERT INTO MealPlanEntry (MealPlanID, Date, MealType, RecipeID, Notes) VALUES (27, '2025-12-04', 'Lunch', 21, 'Western black number.');
INSERT INTO MealPlanEntry (MealPlanID, Date, MealType, RecipeID, Notes) VALUES (32, '2025-12-08', 'Lunch', 1, 'Alone mother environmental team you.');
INSERT INTO MealPlanEntry (MealPlanID, Date, MealType, RecipeID, Notes) VALUES (10, '2025-12-08', 'Dinner', 16, 'Official sure reveal life role idea final friend.');
INSERT INTO MealPlanEntry (MealPlanID, Date, MealType, RecipeID, Notes) VALUES (12, '2025-12-04', 'Dinner', 24, 'Create send trouble foreign.');
INSERT INTO MealPlanEntry (MealPlanID, Date, MealType, RecipeID, Notes) VALUES (22, '2025-12-09', 'Lunch', 5, 'Adult economy conference.');
INSERT INTO MealPlanEntry (MealPlanID, Date, MealType, RecipeID, Notes) VALUES (40, '2025-12-04', 'Breakfast', 20, 'Wide party game.');
INSERT INTO MealPlanEntry (MealPlanID, Date, MealType, RecipeID, Notes) VALUES (35, '2025-12-03', 'Breakfast', 5, 'Effort technology agreement rock become international.');
INSERT INTO MealPlanEntry (MealPlanID, Date, MealType, RecipeID, Notes) VALUES (6, '2025-12-05', 'Dinner', 10, 'Group southern fish individual network truth happy.');
INSERT INTO MealPlanEntry (MealPlanID, Date, MealType, RecipeID, Notes) VALUES (9, '2025-12-07', 'Dinner', 32, 'Spring upon nice nice memory international traditional.');
INSERT INTO MealPlanEntry (MealPlanID, Date, MealType, RecipeID, Notes) VALUES (3, '2025-12-07', 'Lunch', 6, 'Market public car side sort road church.');
INSERT INTO MealPlanEntry (MealPlanID, Date, MealType, RecipeID, Notes) VALUES (22, '2025-12-05', 'Lunch', 32, 'City lay list billion black peace.');
INSERT INTO MealPlanEntry (MealPlanID, Date, MealType, RecipeID, Notes) VALUES (40, '2025-12-07', 'Lunch', 35, 'Finally dinner maybe major partner total.');
INSERT INTO MealPlanEntry (MealPlanID, Date, MealType, RecipeID, Notes) VALUES (20, '2025-12-08', 'Lunch', 26, 'Bar town even safe cause stop art.');
INSERT INTO MealPlanEntry (MealPlanID, Date, MealType, RecipeID, Notes) VALUES (30, '2025-12-04', 'Breakfast', 27, 'Million top year might whether watch.');
INSERT INTO MealPlanEntry (MealPlanID, Date, MealType, RecipeID, Notes) VALUES (35, '2025-12-09', 'Lunch', 23, 'Market machine factor happy PM agent manager.');
INSERT INTO MealPlanEntry (MealPlanID, Date, MealType, RecipeID, Notes) VALUES (22, '2025-12-03', 'Breakfast', 19, 'Shoulder police single the.');
INSERT INTO MealPlanEntry (MealPlanID, Date, MealType, RecipeID, Notes) VALUES (33, '2025-12-06', 'Breakfast', 16, 'Here writer suffer specific voice.');
INSERT INTO MealPlanEntry (MealPlanID, Date, MealType, RecipeID, Notes) VALUES (5, '2025-12-03', 'Dinner', 13, 'Purpose movement early thus source kid might.');
INSERT INTO MealPlanEntry (MealPlanID, Date, MealType, RecipeID, Notes) VALUES (16, '2025-12-09', 'Dinner', 9, 'School affect class why.');
INSERT INTO MealPlanEntry (MealPlanID, Date, MealType, RecipeID, Notes) VALUES (1, '2025-12-07', 'Dinner', 10, 'His idea develop sport image herself away.');
INSERT INTO MealPlanEntry (MealPlanID, Date, MealType, RecipeID, Notes) VALUES (3, '2025-12-06', 'Breakfast', 12, 'Production hotel establish item hand sign establish.');
INSERT INTO MealPlanEntry (MealPlanID, Date, MealType, RecipeID, Notes) VALUES (7, '2025-12-04', 'Breakfast', 32, 'Throw responsibility address artist majority officer.');
INSERT INTO MealPlanEntry (MealPlanID, Date, MealType, RecipeID, Notes) VALUES (23, '2025-12-06', 'Breakfast', 9, 'Sometimes choice hard action season order.');
INSERT INTO MealPlanEntry (MealPlanID, Date, MealType, RecipeID, Notes) VALUES (30, '2025-12-07', 'Lunch', 40, 'Include trade say second.');
INSERT INTO MealPlanEntry (MealPlanID, Date, MealType, RecipeID, Notes) VALUES (30, '2025-12-03', 'Dinner', 11, 'Manage state help difficult view sign discuss.');
INSERT INTO MealPlanEntry (MealPlanID, Date, MealType, RecipeID, Notes) VALUES (4, '2025-12-04', 'Lunch', 23, 'Really character win smile certainly participant far.');
INSERT INTO MealPlanEntry (MealPlanID, Date, MealType, RecipeID, Notes) VALUES (12, '2025-12-07', 'Dinner', 4, 'Prevent risk Congress know.');
INSERT INTO MealPlanEntry (MealPlanID, Date, MealType, RecipeID, Notes) VALUES (20, '2025-12-05', 'Lunch', 35, 'Trade work visit indeed amount else or.');
INSERT INTO MealPlanEntry (MealPlanID, Date, MealType, RecipeID, Notes) VALUES (28, '2025-12-03', 'Dinner', 17, 'Whatever thousand both factor each enough.');
INSERT INTO MealPlanEntry (MealPlanID, Date, MealType, RecipeID, Notes) VALUES (4, '2025-12-05', 'Breakfast', 2, 'Despite more become fall third foreign.');
INSERT INTO MealPlanEntry (MealPlanID, Date, MealType, RecipeID, Notes) VALUES (14, '2025-12-03', 'Dinner', 26, 'Realize left answer foot game.');
INSERT INTO MealPlanEntry (MealPlanID, Date, MealType, RecipeID, Notes) VALUES (12, '2025-12-09', 'Dinner', 20, 'Yet middle figure arm try night.');
INSERT INTO MealPlanEntry (MealPlanID, Date, MealType, RecipeID, Notes) VALUES (36, '2025-12-04', 'Dinner', 4, 'Pretty Mrs either task news.');
INSERT INTO MealPlanEntry (MealPlanID, Date, MealType, RecipeID, Notes) VALUES (31, '2025-12-09', 'Dinner', 32, 'Wear difficult condition night.');
INSERT INTO MealPlanEntry (MealPlanID, Date, MealType, RecipeID, Notes) VALUES (32, '2025-12-04', 'Dinner', 6, 'Around form interest despite.');
INSERT INTO MealPlanEntry (MealPlanID, Date, MealType, RecipeID, Notes) VALUES (18, '2025-12-03', 'Lunch', 37, 'Money job rather marriage certainly bed.');
INSERT INTO MealPlanEntry (MealPlanID, Date, MealType, RecipeID, Notes) VALUES (27, '2025-12-03', 'Dinner', 7, 'Fish which if.');
INSERT INTO MealPlanEntry (MealPlanID, Date, MealType, RecipeID, Notes) VALUES (16, '2025-12-08', 'Lunch', 24, 'Most head idea strong use eye.');
INSERT INTO MealPlanEntry (MealPlanID, Date, MealType, RecipeID, Notes) VALUES (38, '2025-12-05', 'Lunch', 25, 'Writer manager lose between contain maybe.');
INSERT INTO MealPlanEntry (MealPlanID, Date, MealType, RecipeID, Notes) VALUES (27, '2025-12-03', 'Breakfast', 3, 'Serious do machine.');
INSERT INTO MealPlanEntry (MealPlanID, Date, MealType, RecipeID, Notes) VALUES (8, '2025-12-05', 'Dinner', 36, 'Scientist author step rather film have future.');
INSERT INTO MealPlanEntry (MealPlanID, Date, MealType, RecipeID, Notes) VALUES (11, '2025-12-07', 'Breakfast', 9, 'Reveal whole knowledge growth sure agency together.');
INSERT INTO MealPlanEntry (MealPlanID, Date, MealType, RecipeID, Notes) VALUES (32, '2025-12-03', 'Breakfast', 21, 'Southern process contain teacher institution region rich.');
INSERT INTO MealPlanEntry (MealPlanID, Date, MealType, RecipeID, Notes) VALUES (33, '2025-12-04', 'Lunch', 13, 'Series together expert eat artist discussion majority citizen.');
INSERT INTO MealPlanEntry (MealPlanID, Date, MealType, RecipeID, Notes) VALUES (18, '2025-12-04', 'Lunch', 12, 'Finally fast someone leg prove.');
INSERT INTO MealPlanEntry (MealPlanID, Date, MealType, RecipeID, Notes) VALUES (30, '2025-12-08', 'Dinner', 37, 'Most already and game goal people.');
INSERT INTO MealPlanEntry (MealPlanID, Date, MealType, RecipeID, Notes) VALUES (16, '2025-12-09', 'Breakfast', 12, 'Second rock individual others role task.');
INSERT INTO MealPlanEntry (MealPlanID, Date, MealType, RecipeID, Notes) VALUES (6, '2025-12-03', 'Lunch', 35, 'Gas American total statement new through push.');
INSERT INTO MealPlanEntry (MealPlanID, Date, MealType, RecipeID, Notes) VALUES (14, '2025-12-09', 'Breakfast', 12, 'Family card month important full finally black.');
INSERT INTO MealPlanEntry (MealPlanID, Date, MealType, RecipeID, Notes) VALUES (39, '2025-12-03', 'Dinner', 36, 'Although cost standard find.');
INSERT INTO MealPlanEntry (MealPlanID, Date, MealType, RecipeID, Notes) VALUES (17, '2025-12-09', 'Breakfast', 36, 'Live campaign market create.');
INSERT INTO MealPlanEntry (MealPlanID, Date, MealType, RecipeID, Notes) VALUES (38, '2025-12-08', 'Dinner', 27, 'Lay city relate.');
INSERT INTO MealPlanEntry (MealPlanID, Date, MealType, RecipeID, Notes) VALUES (13, '2025-12-08', 'Breakfast', 40, 'Sit street like environment.');
INSERT INTO MealPlanEntry (MealPlanID, Date, MealType, RecipeID, Notes) VALUES (36, '2025-12-07', 'Dinner', 5, 'Father possible item go across often.');
INSERT INTO MealPlanEntry (MealPlanID, Date, MealType, RecipeID, Notes) VALUES (1, '2025-12-04', 'Lunch', 40, 'Campaign him serve on media statement team color.');
INSERT INTO MealPlanEntry (MealPlanID, Date, MealType, RecipeID, Notes) VALUES (26, '2025-12-07', 'Breakfast', 29, 'Certainly change almost moment low degree.');
INSERT INTO MealPlanEntry (MealPlanID, Date, MealType, RecipeID, Notes) VALUES (21, '2025-12-06', 'Breakfast', 33, 'Beat kind hear business.');
INSERT INTO MealPlanEntry (MealPlanID, Date, MealType, RecipeID, Notes) VALUES (8, '2025-12-08', 'Lunch', 11, 'Just sure same senior realize most everybody.');
INSERT INTO MealPlanEntry (MealPlanID, Date, MealType, RecipeID, Notes) VALUES (2, '2025-12-08', 'Lunch', 31, 'Never sing peace suffer.');
INSERT INTO MealPlanEntry (MealPlanID, Date, MealType, RecipeID, Notes) VALUES (34, '2025-12-07', 'Lunch', 13, 'Represent group become agreement daughter old.');
INSERT INTO MealPlanEntry (MealPlanID, Date, MealType, RecipeID, Notes) VALUES (1, '2025-12-05', 'Lunch', 38, 'Test life short part.');
INSERT INTO MealPlanEntry (MealPlanID, Date, MealType, RecipeID, Notes) VALUES (24, '2025-12-04', 'Breakfast', 15, 'Hit be military wonder successful affect.');
INSERT INTO MealPlanEntry (MealPlanID, Date, MealType, RecipeID, Notes) VALUES (22, '2025-12-04', 'Lunch', 39, 'Open bar animal church.');
INSERT INTO MealPlanEntry (MealPlanID, Date, MealType, RecipeID, Notes) VALUES (8, '2025-12-03', 'Dinner', 24, 'History understand walk already team check discover.');
INSERT INTO MealPlanEntry (MealPlanID, Date, MealType, RecipeID, Notes) VALUES (36, '2025-12-07', 'Lunch', 25, 'Agency many foreign person western imagine color.');
INSERT INTO MealPlanEntry (MealPlanID, Date, MealType, RecipeID, Notes) VALUES (25, '2025-12-04', 'Lunch', 4, 'Nothing individual become.');
INSERT INTO MealPlanEntry (MealPlanID, Date, MealType, RecipeID, Notes) VALUES (40, '2025-12-08', 'Dinner', 36, 'Recently learn student range your.');
INSERT INTO MealPlanEntry (MealPlanID, Date, MealType, RecipeID, Notes) VALUES (17, '2025-12-08', 'Dinner', 25, 'Be community human themselves key positive.');
INSERT INTO MealPlanEntry (MealPlanID, Date, MealType, RecipeID, Notes) VALUES (22, '2025-12-09', 'Dinner', 5, 'Either property stop law.');
INSERT INTO MealPlanEntry (MealPlanID, Date, MealType, RecipeID, Notes) VALUES (20, '2025-12-07', 'Breakfast', 19, 'Arrive smile people.');
INSERT INTO MealPlanEntry (MealPlanID, Date, MealType, RecipeID, Notes) VALUES (10, '2025-12-03', 'Dinner', 14, 'Third poor mouth market unit receive arrive.');
INSERT INTO MealPlanEntry (MealPlanID, Date, MealType, RecipeID, Notes) VALUES (16, '2025-12-05', 'Breakfast', 29, 'Her article four wide easy but.');
INSERT INTO MealPlanEntry (MealPlanID, Date, MealType, RecipeID, Notes) VALUES (25, '2025-12-06', 'Lunch', 16, 'Bank throw culture give trip commercial.');
INSERT INTO MealPlanEntry (MealPlanID, Date, MealType, RecipeID, Notes) VALUES (13, '2025-12-07', 'Lunch', 14, 'Mouth simply produce effort raise dinner assume.');
INSERT INTO MealPlanEntry (MealPlanID, Date, MealType, RecipeID, Notes) VALUES (4, '2025-12-06', 'Dinner', 31, 'West company law idea win serve.');
INSERT INTO MealPlanEntry (MealPlanID, Date, MealType, RecipeID, Notes) VALUES (18, '2025-12-07', 'Lunch', 33, 'Particularly character they firm.');
INSERT INTO MealPlanEntry (MealPlanID, Date, MealType, RecipeID, Notes) VALUES (23, '2025-12-03', 'Lunch', 1, 'Able pick girl.');
INSERT INTO MealPlanEntry (MealPlanID, Date, MealType, RecipeID, Notes) VALUES (2, '2025-12-09', 'Breakfast', 8, 'Once great for Mrs financial.');
INSERT INTO MealPlanEntry (MealPlanID, Date, MealType, RecipeID, Notes) VALUES (13, '2025-12-04', 'Dinner', 26, 'Identify toward north simply.');
INSERT INTO MealPlanEntry (MealPlanID, Date, MealType, RecipeID, Notes) VALUES (38, '2025-12-07', 'Dinner', 29, 'Him stand spring tell send big establish.');
INSERT INTO MealPlanEntry (MealPlanID, Date, MealType, RecipeID, Notes) VALUES (38, '2025-12-09', 'Dinner', 27, 'Decision appear both factor bank food.');
INSERT INTO MealPlanEntry (MealPlanID, Date, MealType, RecipeID, Notes) VALUES (27, '2025-12-08', 'Dinner', 33, 'Finally care perform.');
INSERT INTO MealPlanEntry (MealPlanID, Date, MealType, RecipeID, Notes) VALUES (28, '2025-12-09', 'Breakfast', 12, 'Alone that information entire.');
INSERT INTO MealPlanEntry (MealPlanID, Date, MealType, RecipeID, Notes) VALUES (25, '2025-12-05', 'Breakfast', 27, 'Find population quite leave.');
INSERT INTO MealPlanEntry (MealPlanID, Date, MealType, RecipeID, Notes) VALUES (22, '2025-12-03', 'Lunch', 24, 'Mrs yourself compare mouth us.');
INSERT INTO MealPlanEntry (MealPlanID, Date, MealType, RecipeID, Notes) VALUES (25, '2025-12-05', 'Dinner', 17, 'Spring foot some leg course everyone grow.');
INSERT INTO MealPlanEntry (MealPlanID, Date, MealType, RecipeID, Notes) VALUES (3, '2025-12-04', 'Lunch', 7, 'Number claim stand field quickly base happy.');
INSERT INTO MealPlanEntry (MealPlanID, Date, MealType, RecipeID, Notes) VALUES (33, '2025-12-03', 'Dinner', 23, 'Hospital sport hit sell.');
INSERT INTO MealPlanEntry (MealPlanID, Date, MealType, RecipeID, Notes) VALUES (19, '2025-12-03', 'Dinner', 13, 'Mrs account relationship author red how woman.');
INSERT INTO MealPlanEntry (MealPlanID, Date, MealType, RecipeID, Notes) VALUES (29, '2025-12-09', 'Lunch', 24, 'Look specific mention spend series campaign least less.');
INSERT INTO MealPlanEntry (MealPlanID, Date, MealType, RecipeID, Notes) VALUES (29, '2025-12-04', 'Dinner', 2, 'Kid hot baby parent bar any he right.');
INSERT INTO MealPlanEntry (MealPlanID, Date, MealType, RecipeID, Notes) VALUES (30, '2025-12-03', 'Lunch', 11, 'Have box even head visit address owner.');
INSERT INTO MealPlanEntry (MealPlanID, Date, MealType, RecipeID, Notes) VALUES (29, '2025-12-09', 'Dinner', 11, 'Employee there research list social.');
INSERT INTO MealPlanEntry (MealPlanID, Date, MealType, RecipeID, Notes) VALUES (38, '2025-12-06', 'Breakfast', 3, 'Itself middle ball give very.');
INSERT INTO MealPlanEntry (MealPlanID, Date, MealType, RecipeID, Notes) VALUES (27, '2025-12-09', 'Dinner', 10, 'Set marriage order movie.');
INSERT INTO MealPlanEntry (MealPlanID, Date, MealType, RecipeID, Notes) VALUES (22, '2025-12-08', 'Breakfast', 4, 'Provide involve serious although win available camera officer.');
INSERT INTO MealPlanEntry (MealPlanID, Date, MealType, RecipeID, Notes) VALUES (36, '2025-12-03', 'Dinner', 29, 'Girl once sing third one hotel.');
INSERT INTO MealPlanEntry (MealPlanID, Date, MealType, RecipeID, Notes) VALUES (21, '2025-12-05', 'Lunch', 16, 'Million magazine its international after serve.');
INSERT INTO MealPlanEntry (MealPlanID, Date, MealType, RecipeID, Notes) VALUES (40, '2025-12-04', 'Dinner', 6, 'Election add short increase career.');
INSERT INTO MealPlanEntry (MealPlanID, Date, MealType, RecipeID, Notes) VALUES (12, '2025-12-03', 'Dinner', 16, 'Rise memory tough sometimes letter would.');
INSERT INTO MealPlanEntry (MealPlanID, Date, MealType, RecipeID, Notes) VALUES (23, '2025-12-05', 'Dinner', 11, 'Like able rate goal about.');
INSERT INTO MealPlanEntry (MealPlanID, Date, MealType, RecipeID, Notes) VALUES (28, '2025-12-04', 'Lunch', 40, 'National stock about will against us election.');
INSERT INTO MealPlanEntry (MealPlanID, Date, MealType, RecipeID, Notes) VALUES (12, '2025-12-08', 'Breakfast', 15, 'Chair subject power city.');
INSERT INTO MealPlanEntry (MealPlanID, Date, MealType, RecipeID, Notes) VALUES (22, '2025-12-06', 'Dinner', 37, 'Yes market husband money future heavy everything.');
INSERT INTO MealPlanEntry (MealPlanID, Date, MealType, RecipeID, Notes) VALUES (12, '2025-12-08', 'Dinner', 18, 'Partner rate Republican apply risk report concern.');
INSERT INTO MealPlanEntry (MealPlanID, Date, MealType, RecipeID, Notes) VALUES (28, '2025-12-08', 'Dinner', 28, 'Indicate outside knowledge official heavy agreement later.');
INSERT INTO MealPlanEntry (MealPlanID, Date, MealType, RecipeID, Notes) VALUES (4, '2025-12-07', 'Breakfast', 32, 'Dark assume model item rest baby I media.');
INSERT INTO MealPlanEntry (MealPlanID, Date, MealType, RecipeID, Notes) VALUES (6, '2025-12-04', 'Breakfast', 20, 'Protect wife choose fire strategy factor there.');
INSERT INTO MealPlanEntry (MealPlanID, Date, MealType, RecipeID, Notes) VALUES (22, '2025-12-03', 'Dinner', 40, 'Policy skin every challenge watch whom nation.');
INSERT INTO MealPlanEntry (MealPlanID, Date, MealType, RecipeID, Notes) VALUES (26, '2025-12-07', 'Dinner', 4, 'Every similar career affect at young leader.');
INSERT INTO MealPlanEntry (MealPlanID, Date, MealType, RecipeID, Notes) VALUES (37, '2025-12-07', 'Breakfast', 30, 'Somebody find student those travel find catch.');
INSERT INTO MealPlanEntry (MealPlanID, Date, MealType, RecipeID, Notes) VALUES (40, '2025-12-08', 'Breakfast', 36, 'Season risk tree image.');
INSERT INTO MealPlanEntry (MealPlanID, Date, MealType, RecipeID, Notes) VALUES (26, '2025-12-03', 'Lunch', 21, 'Green company effort person car.');
INSERT INTO MealPlanEntry (MealPlanID, Date, MealType, RecipeID, Notes) VALUES (12, '2025-12-04', 'Breakfast', 40, 'Year person person land discover.');
INSERT INTO MealPlanEntry (MealPlanID, Date, MealType, RecipeID, Notes) VALUES (20, '2025-12-07', 'Lunch', 20, 'City though instead state upon simply pressure reality.');
INSERT INTO MealPlanEntry (MealPlanID, Date, MealType, RecipeID, Notes) VALUES (10, '2025-12-09', 'Breakfast', 25, 'Gun name push enter though.');
INSERT INTO MealPlanEntry (MealPlanID, Date, MealType, RecipeID, Notes) VALUES (31, '2025-12-07', 'Dinner', 8, 'Market traditional evening seem.');
INSERT INTO MealPlanEntry (MealPlanID, Date, MealType, RecipeID, Notes) VALUES (39, '2025-12-05', 'Dinner', 38, 'Oil democratic term produce.');
INSERT INTO MealPlanEntry (MealPlanID, Date, MealType, RecipeID, Notes) VALUES (14, '2025-12-05', 'Breakfast', 21, 'Born blood production yeah.');
INSERT INTO MealPlanEntry (MealPlanID, Date, MealType, RecipeID, Notes) VALUES (14, '2025-12-03', 'Lunch', 24, 'Decide management marriage tell wrong half institution threat.');
INSERT INTO MealPlanEntry (MealPlanID, Date, MealType, RecipeID, Notes) VALUES (21, '2025-12-04', 'Breakfast', 20, 'View response camera guy type family.');
INSERT INTO MealPlanEntry (MealPlanID, Date, MealType, RecipeID, Notes) VALUES (14, '2025-12-05', 'Dinner', 21, 'Student hospital sing environment approach.');
INSERT INTO MealPlanEntry (MealPlanID, Date, MealType, RecipeID, Notes) VALUES (2, '2025-12-04', 'Dinner', 22, 'Story allow blood baby lawyer seven.');
INSERT INTO MealPlanEntry (MealPlanID, Date, MealType, RecipeID, Notes) VALUES (36, '2025-12-03', 'Lunch', 21, 'Also show past question traditional attention house recently.');
INSERT INTO MealPlanEntry (MealPlanID, Date, MealType, RecipeID, Notes) VALUES (26, '2025-12-05', 'Dinner', 19, 'Would after debate sister human.');
INSERT INTO MealPlanEntry (MealPlanID, Date, MealType, RecipeID, Notes) VALUES (21, '2025-12-04', 'Lunch', 28, 'Difficult ground oil live.');
INSERT INTO MealPlanEntry (MealPlanID, Date, MealType, RecipeID, Notes) VALUES (13, '2025-12-05', 'Dinner', 6, 'Rich born game.');

-- MetricSnapshot
INSERT INTO MetricSnapshot (SnapshotID, MetricID, MeasuredAt, Value) VALUES (1, 9, '2025-12-01 00:31:45', 739.89);
INSERT INTO MetricSnapshot (SnapshotID, MetricID, MeasuredAt, Value) VALUES (2, 25, '2025-12-02 01:55:24', 500.11);
INSERT INTO MetricSnapshot (SnapshotID, MetricID, MeasuredAt, Value) VALUES (3, 3, '2025-11-30 11:05:06', 790.68);
INSERT INTO MetricSnapshot (SnapshotID, MetricID, MeasuredAt, Value) VALUES (4, 8, '2025-11-27 19:28:59', 97.32);
INSERT INTO MetricSnapshot (SnapshotID, MetricID, MeasuredAt, Value) VALUES (5, 8, '2025-11-29 02:59:15', 438.08);
INSERT INTO MetricSnapshot (SnapshotID, MetricID, MeasuredAt, Value) VALUES (6, 7, '2025-12-02 15:20:51', 722.84);
INSERT INTO MetricSnapshot (SnapshotID, MetricID, MeasuredAt, Value) VALUES (7, 24, '2025-11-29 06:47:54', 170.32);
INSERT INTO MetricSnapshot (SnapshotID, MetricID, MeasuredAt, Value) VALUES (8, 21, '2025-12-02 21:08:25', 327.96);
INSERT INTO MetricSnapshot (SnapshotID, MetricID, MeasuredAt, Value) VALUES (9, 7, '2025-12-03 11:18:47', 549.34);
INSERT INTO MetricSnapshot (SnapshotID, MetricID, MeasuredAt, Value) VALUES (10, 23, '2025-11-30 10:53:55', 994.56);
INSERT INTO MetricSnapshot (SnapshotID, MetricID, MeasuredAt, Value) VALUES (11, 19, '2025-12-02 13:33:00', 199.7);
INSERT INTO MetricSnapshot (SnapshotID, MetricID, MeasuredAt, Value) VALUES (12, 17, '2025-12-03 05:05:13', 450.53);
INSERT INTO MetricSnapshot (SnapshotID, MetricID, MeasuredAt, Value) VALUES (13, 30, '2025-11-27 07:47:17', 671.01);
INSERT INTO MetricSnapshot (SnapshotID, MetricID, MeasuredAt, Value) VALUES (14, 29, '2025-11-30 00:57:48', 64.03);
INSERT INTO MetricSnapshot (SnapshotID, MetricID, MeasuredAt, Value) VALUES (15, 1, '2025-12-02 19:21:14', 722.23);
INSERT INTO MetricSnapshot (SnapshotID, MetricID, MeasuredAt, Value) VALUES (16, 14, '2025-12-02 06:29:40', 993.09);
INSERT INTO MetricSnapshot (SnapshotID, MetricID, MeasuredAt, Value) VALUES (17, 29, '2025-12-02 14:04:57', 408.13);
INSERT INTO MetricSnapshot (SnapshotID, MetricID, MeasuredAt, Value) VALUES (18, 28, '2025-11-28 11:55:38', 977.24);
INSERT INTO MetricSnapshot (SnapshotID, MetricID, MeasuredAt, Value) VALUES (19, 26, '2025-12-03 00:32:19', 813.59);
INSERT INTO MetricSnapshot (SnapshotID, MetricID, MeasuredAt, Value) VALUES (20, 21, '2025-11-27 20:07:56', 617.43);
INSERT INTO MetricSnapshot (SnapshotID, MetricID, MeasuredAt, Value) VALUES (21, 12, '2025-12-02 23:04:21', 914.9);
INSERT INTO MetricSnapshot (SnapshotID, MetricID, MeasuredAt, Value) VALUES (22, 19, '2025-11-29 20:10:23', 477.76);
INSERT INTO MetricSnapshot (SnapshotID, MetricID, MeasuredAt, Value) VALUES (23, 26, '2025-11-27 13:27:07', 11.85);
INSERT INTO MetricSnapshot (SnapshotID, MetricID, MeasuredAt, Value) VALUES (24, 30, '2025-11-30 20:42:33', 734.12);
INSERT INTO MetricSnapshot (SnapshotID, MetricID, MeasuredAt, Value) VALUES (25, 2, '2025-12-01 03:42:26', 329.73);
INSERT INTO MetricSnapshot (SnapshotID, MetricID, MeasuredAt, Value) VALUES (26, 27, '2025-11-27 00:32:12', 374.89);
INSERT INTO MetricSnapshot (SnapshotID, MetricID, MeasuredAt, Value) VALUES (27, 3, '2025-12-01 18:22:17', 496.36);
INSERT INTO MetricSnapshot (SnapshotID, MetricID, MeasuredAt, Value) VALUES (28, 30, '2025-11-26 23:53:51', 60.75);
INSERT INTO MetricSnapshot (SnapshotID, MetricID, MeasuredAt, Value) VALUES (29, 3, '2025-12-01 05:40:37', 174.59);
INSERT INTO MetricSnapshot (SnapshotID, MetricID, MeasuredAt, Value) VALUES (30, 11, '2025-11-30 04:23:42', 284.45);
INSERT INTO MetricSnapshot (SnapshotID, MetricID, MeasuredAt, Value) VALUES (31, 8, '2025-12-02 21:08:54', 48.65);
INSERT INTO MetricSnapshot (SnapshotID, MetricID, MeasuredAt, Value) VALUES (32, 19, '2025-12-03 14:43:42', 393.96);
INSERT INTO MetricSnapshot (SnapshotID, MetricID, MeasuredAt, Value) VALUES (33, 28, '2025-11-29 08:32:45', 837.44);
INSERT INTO MetricSnapshot (SnapshotID, MetricID, MeasuredAt, Value) VALUES (34, 19, '2025-12-01 16:33:24', 257.85);
INSERT INTO MetricSnapshot (SnapshotID, MetricID, MeasuredAt, Value) VALUES (35, 15, '2025-11-29 14:02:08', 439.96);
INSERT INTO MetricSnapshot (SnapshotID, MetricID, MeasuredAt, Value) VALUES (36, 25, '2025-11-29 22:24:07', 980.96);
INSERT INTO MetricSnapshot (SnapshotID, MetricID, MeasuredAt, Value) VALUES (37, 19, '2025-11-30 12:11:33', 897.25);
INSERT INTO MetricSnapshot (SnapshotID, MetricID, MeasuredAt, Value) VALUES (38, 17, '2025-11-27 06:28:04', 606.73);
INSERT INTO MetricSnapshot (SnapshotID, MetricID, MeasuredAt, Value) VALUES (39, 19, '2025-11-28 13:08:42', 846.73);
INSERT INTO MetricSnapshot (SnapshotID, MetricID, MeasuredAt, Value) VALUES (40, 5, '2025-11-28 21:03:58', 71.21);
INSERT INTO MetricSnapshot (SnapshotID, MetricID, MeasuredAt, Value) VALUES (41, 23, '2025-12-01 09:43:09', 513.51);
INSERT INTO MetricSnapshot (SnapshotID, MetricID, MeasuredAt, Value) VALUES (42, 19, '2025-11-27 21:25:34', 168.41);
INSERT INTO MetricSnapshot (SnapshotID, MetricID, MeasuredAt, Value) VALUES (43, 15, '2025-11-30 16:06:49', 63.49);
INSERT INTO MetricSnapshot (SnapshotID, MetricID, MeasuredAt, Value) VALUES (44, 25, '2025-11-29 10:07:25', 106.17);
INSERT INTO MetricSnapshot (SnapshotID, MetricID, MeasuredAt, Value) VALUES (45, 15, '2025-11-30 14:54:12', 94.89);
INSERT INTO MetricSnapshot (SnapshotID, MetricID, MeasuredAt, Value) VALUES (46, 15, '2025-12-02 00:50:50', 264.86);
INSERT INTO MetricSnapshot (SnapshotID, MetricID, MeasuredAt, Value) VALUES (47, 26, '2025-12-02 02:02:39', 76.76);
INSERT INTO MetricSnapshot (SnapshotID, MetricID, MeasuredAt, Value) VALUES (48, 8, '2025-12-02 06:25:27', 280.47);
INSERT INTO MetricSnapshot (SnapshotID, MetricID, MeasuredAt, Value) VALUES (49, 9, '2025-11-27 06:21:21', 14.15);
INSERT INTO MetricSnapshot (SnapshotID, MetricID, MeasuredAt, Value) VALUES (50, 17, '2025-12-02 18:53:32', 137.27);
INSERT INTO MetricSnapshot (SnapshotID, MetricID, MeasuredAt, Value) VALUES (51, 15, '2025-11-29 20:59:23', 367.02);
INSERT INTO MetricSnapshot (SnapshotID, MetricID, MeasuredAt, Value) VALUES (52, 4, '2025-11-29 06:22:15', 825.9);
INSERT INTO MetricSnapshot (SnapshotID, MetricID, MeasuredAt, Value) VALUES (53, 7, '2025-11-29 01:14:15', 894.13);
INSERT INTO MetricSnapshot (SnapshotID, MetricID, MeasuredAt, Value) VALUES (54, 29, '2025-11-29 03:42:31', 851.0);
INSERT INTO MetricSnapshot (SnapshotID, MetricID, MeasuredAt, Value) VALUES (55, 7, '2025-12-03 15:55:28', 789.89);
INSERT INTO MetricSnapshot (SnapshotID, MetricID, MeasuredAt, Value) VALUES (56, 3, '2025-12-03 00:40:56', 650.4);
INSERT INTO MetricSnapshot (SnapshotID, MetricID, MeasuredAt, Value) VALUES (57, 17, '2025-11-30 07:51:00', 874.96);
INSERT INTO MetricSnapshot (SnapshotID, MetricID, MeasuredAt, Value) VALUES (58, 10, '2025-12-01 02:14:18', 963.2);
INSERT INTO MetricSnapshot (SnapshotID, MetricID, MeasuredAt, Value) VALUES (59, 2, '2025-11-30 10:57:10', 295.19);
INSERT INTO MetricSnapshot (SnapshotID, MetricID, MeasuredAt, Value) VALUES (60, 5, '2025-11-28 20:22:41', 386.13);

-- SystemAlert
INSERT INTO SystemAlert (AlertID, MetricID, AlertType, Severity, Message, CreatedAt, ResolvedAt, Status) VALUES (1, 7, 'Error Spike', 'Low', 'Theory Democrat energy tough follow.', '2025-12-02 00:27:52', NULL, 'Open');
INSERT INTO SystemAlert (AlertID, MetricID, AlertType, Severity, Message, CreatedAt, ResolvedAt, Status) VALUES (2, NULL, 'Downtime', 'High', 'Six mean simply whom hard space score.', '2025-11-26 20:58:22', '2025-11-28 20:58:22', 'Open');
INSERT INTO SystemAlert (AlertID, MetricID, AlertType, Severity, Message, CreatedAt, ResolvedAt, Status) VALUES (3, 12, 'Downtime', 'Critical', 'Unit wide whole science alone.', '2025-12-02 00:06:47', '2025-12-04 15:06:47', 'Open');
INSERT INTO SystemAlert (AlertID, MetricID, AlertType, Severity, Message, CreatedAt, ResolvedAt, Status) VALUES (4, 1, 'Downtime', 'High', 'Detail course even would build effect whether.', '2025-12-01 20:09:20', NULL, 'Resolved');
INSERT INTO SystemAlert (AlertID, MetricID, AlertType, Severity, Message, CreatedAt, ResolvedAt, Status) VALUES (5, NULL, 'Threshold', 'High', 'Stuff fact trade team professor.', '2025-11-28 01:01:40', '2025-11-29 12:01:40', 'Open');
INSERT INTO SystemAlert (AlertID, MetricID, AlertType, Severity, Message, CreatedAt, ResolvedAt, Status) VALUES (6, 23, 'Threshold', 'Critical', 'Heavy increase look next.', '2025-11-27 00:28:13', NULL, 'Resolved');
INSERT INTO SystemAlert (AlertID, MetricID, AlertType, Severity, Message, CreatedAt, ResolvedAt, Status) VALUES (7, NULL, 'Threshold', 'Medium', 'Nearly provide page.', '2025-12-03 15:46:27', '2025-12-04 03:46:27', 'Open');
INSERT INTO SystemAlert (AlertID, MetricID, AlertType, Severity, Message, CreatedAt, ResolvedAt, Status) VALUES (8, 28, 'Threshold', 'Low', 'Professor class us talk draw sign term.', '2025-11-28 20:19:20', '2025-11-29 10:19:20', 'Acknowledged');
INSERT INTO SystemAlert (AlertID, MetricID, AlertType, Severity, Message, CreatedAt, ResolvedAt, Status) VALUES (9, NULL, 'Threshold', 'Medium', 'Remember way occur could ask much approach meeting.', '2025-12-02 06:00:47', NULL, 'Acknowledged');
INSERT INTO SystemAlert (AlertID, MetricID, AlertType, Severity, Message, CreatedAt, ResolvedAt, Status) VALUES (10, NULL, 'Error Spike', 'High', 'Avoid professor figure lot daughter would development note.', '2025-12-03 07:49:30', NULL, 'Resolved');
INSERT INTO SystemAlert (AlertID, MetricID, AlertType, Severity, Message, CreatedAt, ResolvedAt, Status) VALUES (11, NULL, 'Threshold', 'Critical', 'Source hit special election.', '2025-12-03 13:03:54', '2025-12-04 14:03:54', 'Resolved');
INSERT INTO SystemAlert (AlertID, MetricID, AlertType, Severity, Message, CreatedAt, ResolvedAt, Status) VALUES (12, NULL, 'Error Spike', 'High', 'Feel item wrong actually.', '2025-11-27 13:00:17', '2025-11-29 09:00:17', 'Open');
INSERT INTO SystemAlert (AlertID, MetricID, AlertType, Severity, Message, CreatedAt, ResolvedAt, Status) VALUES (13, 17, 'Threshold', 'Low', 'Response card four with successful.', '2025-11-28 08:15:53', '2025-11-29 04:15:53', 'Acknowledged');
INSERT INTO SystemAlert (AlertID, MetricID, AlertType, Severity, Message, CreatedAt, ResolvedAt, Status) VALUES (14, 25, 'Downtime', 'High', 'Threat father trade cup.', '2025-12-01 21:18:25', '2025-12-02 19:18:25', 'Open');
INSERT INTO SystemAlert (AlertID, MetricID, AlertType, Severity, Message, CreatedAt, ResolvedAt, Status) VALUES (15, NULL, 'Threshold', 'Low', 'Wind south popular.', '2025-11-27 03:54:59', '2025-11-29 06:54:59', 'Open');
INSERT INTO SystemAlert (AlertID, MetricID, AlertType, Severity, Message, CreatedAt, ResolvedAt, Status) VALUES (16, 18, 'Downtime', 'Critical', 'Several fly wall economy.', '2025-11-28 04:37:28', '2025-11-29 08:37:28', 'Open');
INSERT INTO SystemAlert (AlertID, MetricID, AlertType, Severity, Message, CreatedAt, ResolvedAt, Status) VALUES (17, 3, 'Downtime', 'Medium', 'Political bad skill quality.', '2025-11-27 17:52:51', NULL, 'Resolved');
INSERT INTO SystemAlert (AlertID, MetricID, AlertType, Severity, Message, CreatedAt, ResolvedAt, Status) VALUES (18, 24, 'Threshold', 'Critical', 'Place hair once nation notice.', '2025-12-02 19:08:59', NULL, 'Open');
INSERT INTO SystemAlert (AlertID, MetricID, AlertType, Severity, Message, CreatedAt, ResolvedAt, Status) VALUES (19, NULL, 'Threshold', 'High', 'Mrs suggest high which scientist amount attention.', '2025-12-01 07:05:56', NULL, 'Resolved');
INSERT INTO SystemAlert (AlertID, MetricID, AlertType, Severity, Message, CreatedAt, ResolvedAt, Status) VALUES (20, NULL, 'Error Spike', 'Critical', 'Unit have memory similar line computer standard.', '2025-11-27 18:11:45', '2025-11-29 03:11:45', 'Open');
INSERT INTO SystemAlert (AlertID, MetricID, AlertType, Severity, Message, CreatedAt, ResolvedAt, Status) VALUES (21, 23, 'Downtime', 'Medium', 'Today drug gas stay trouble we shoulder.', '2025-11-28 11:10:21', '2025-11-30 03:10:21', 'Resolved');
INSERT INTO SystemAlert (AlertID, MetricID, AlertType, Severity, Message, CreatedAt, ResolvedAt, Status) VALUES (22, 29, 'Error Spike', 'Critical', 'None three top responsibility door woman.', '2025-12-01 15:25:05', '2025-12-02 23:25:05', 'Resolved');
INSERT INTO SystemAlert (AlertID, MetricID, AlertType, Severity, Message, CreatedAt, ResolvedAt, Status) VALUES (23, 18, 'Error Spike', 'Medium', 'Energy nation citizen lot various.', '2025-11-30 07:13:49', '2025-12-02 05:13:49', 'Resolved');
INSERT INTO SystemAlert (AlertID, MetricID, AlertType, Severity, Message, CreatedAt, ResolvedAt, Status) VALUES (24, NULL, 'Error Spike', 'High', 'Member step return.', '2025-11-27 07:48:15', '2025-11-30 01:48:15', 'Open');
INSERT INTO SystemAlert (AlertID, MetricID, AlertType, Severity, Message, CreatedAt, ResolvedAt, Status) VALUES (25, NULL, 'Threshold', 'Low', 'Share laugh building foreign get shake another study.', '2025-11-29 09:00:08', '2025-11-29 16:00:08', 'Open');
INSERT INTO SystemAlert (AlertID, MetricID, AlertType, Severity, Message, CreatedAt, ResolvedAt, Status) VALUES (26, 21, 'Downtime', 'Critical', 'Nice back speak.', '2025-11-29 04:30:09', '2025-11-30 09:30:09', 'Open');
INSERT INTO SystemAlert (AlertID, MetricID, AlertType, Severity, Message, CreatedAt, ResolvedAt, Status) VALUES (27, 23, 'Threshold', 'High', 'Lot yourself ahead go never.', '2025-11-29 18:55:36', NULL, 'Acknowledged');
INSERT INTO SystemAlert (AlertID, MetricID, AlertType, Severity, Message, CreatedAt, ResolvedAt, Status) VALUES (28, 30, 'Error Spike', 'Medium', 'Wall important whose risk.', '2025-11-29 07:38:36', NULL, 'Acknowledged');
INSERT INTO SystemAlert (AlertID, MetricID, AlertType, Severity, Message, CreatedAt, ResolvedAt, Status) VALUES (29, NULL, 'Error Spike', 'Critical', 'Same technology lay way data agent ground.', '2025-11-30 15:29:03', '2025-11-30 16:29:03', 'Resolved');
INSERT INTO SystemAlert (AlertID, MetricID, AlertType, Severity, Message, CreatedAt, ResolvedAt, Status) VALUES (30, 26, 'Error Spike', 'Critical', 'One other real what admit civil whose.', '2025-12-01 06:40:21', NULL, 'Open');
INSERT INTO SystemAlert (AlertID, MetricID, AlertType, Severity, Message, CreatedAt, ResolvedAt, Status) VALUES (31, NULL, 'Error Spike', 'Critical', 'Brother source attorney in foreign skill marriage.', '2025-11-28 01:10:29', '2025-11-30 14:10:29', 'Resolved');
INSERT INTO SystemAlert (AlertID, MetricID, AlertType, Severity, Message, CreatedAt, ResolvedAt, Status) VALUES (32, NULL, 'Downtime', 'High', 'Act identify that might talk.', '2025-12-03 17:38:37', NULL, 'Resolved');
INSERT INTO SystemAlert (AlertID, MetricID, AlertType, Severity, Message, CreatedAt, ResolvedAt, Status) VALUES (33, 16, 'Downtime', 'Medium', 'Laugh several wrong head drop couple attorney section.', '2025-11-28 18:24:59', NULL, 'Acknowledged');
INSERT INTO SystemAlert (AlertID, MetricID, AlertType, Severity, Message, CreatedAt, ResolvedAt, Status) VALUES (34, 16, 'Downtime', 'High', 'Chance maybe really article tell.', '2025-11-29 06:18:48', '2025-11-30 09:18:48', 'Open');
INSERT INTO SystemAlert (AlertID, MetricID, AlertType, Severity, Message, CreatedAt, ResolvedAt, Status) VALUES (35, 16, 'Downtime', 'Critical', 'Coach trouble region democratic standard sport.', '2025-11-29 19:49:22', NULL, 'Open');
INSERT INTO SystemAlert (AlertID, MetricID, AlertType, Severity, Message, CreatedAt, ResolvedAt, Status) VALUES (36, NULL, 'Error Spike', 'Critical', 'Above watch blood day.', '2025-11-28 16:58:01', '2025-12-01 05:58:01', 'Open');
INSERT INTO SystemAlert (AlertID, MetricID, AlertType, Severity, Message, CreatedAt, ResolvedAt, Status) VALUES (37, NULL, 'Threshold', 'Low', 'Little weight or walk specific.', '2025-11-29 23:57:09', NULL, 'Open');
INSERT INTO SystemAlert (AlertID, MetricID, AlertType, Severity, Message, CreatedAt, ResolvedAt, Status) VALUES (38, NULL, 'Threshold', 'Medium', 'Explain do hot kitchen must here tough.', '2025-12-02 20:28:29', NULL, 'Resolved');
INSERT INTO SystemAlert (AlertID, MetricID, AlertType, Severity, Message, CreatedAt, ResolvedAt, Status) VALUES (39, NULL, 'Error Spike', 'Critical', 'Throw certain turn staff per employee civil.', '2025-12-02 10:14:12', NULL, 'Open');
INSERT INTO SystemAlert (AlertID, MetricID, AlertType, Severity, Message, CreatedAt, ResolvedAt, Status) VALUES (40, 12, 'Threshold', 'Medium', 'Condition every visit raise page.', '2025-11-30 15:45:55', '2025-12-02 09:45:55', 'Resolved');
INSERT INTO SystemAlert (AlertID, MetricID, AlertType, Severity, Message, CreatedAt, ResolvedAt, Status) VALUES (41, NULL, 'Threshold', 'Critical', 'Coach hotel certainly himself total career.', '2025-12-03 16:57:34', '2025-12-05 21:57:34', 'Resolved');
INSERT INTO SystemAlert (AlertID, MetricID, AlertType, Severity, Message, CreatedAt, ResolvedAt, Status) VALUES (42, NULL, 'Error Spike', 'Critical', 'Event him shoulder power kitchen item.', '2025-12-01 02:49:20', '2025-12-01 15:49:20', 'Acknowledged');
INSERT INTO SystemAlert (AlertID, MetricID, AlertType, Severity, Message, CreatedAt, ResolvedAt, Status) VALUES (43, NULL, 'Error Spike', 'Critical', 'Explain great however like report physical.', '2025-11-28 11:16:21', '2025-11-30 23:16:21', 'Acknowledged');
INSERT INTO SystemAlert (AlertID, MetricID, AlertType, Severity, Message, CreatedAt, ResolvedAt, Status) VALUES (44, NULL, 'Downtime', 'Low', 'Company common business service woman four.', '2025-12-01 12:01:14', NULL, 'Resolved');
INSERT INTO SystemAlert (AlertID, MetricID, AlertType, Severity, Message, CreatedAt, ResolvedAt, Status) VALUES (45, NULL, 'Downtime', 'High', 'Industry example off employee production sell window.', '2025-11-26 22:31:05', '2025-11-29 08:31:05', 'Resolved');
INSERT INTO SystemAlert (AlertID, MetricID, AlertType, Severity, Message, CreatedAt, ResolvedAt, Status) VALUES (46, 25, 'Downtime', 'Medium', 'Drive administration model charge mind stage.', '2025-12-02 02:43:44', NULL, 'Acknowledged');
INSERT INTO SystemAlert (AlertID, MetricID, AlertType, Severity, Message, CreatedAt, ResolvedAt, Status) VALUES (47, NULL, 'Threshold', 'Medium', 'Information per interview generation clear three.', '2025-12-01 06:19:18', '2025-12-03 08:19:18', 'Acknowledged');
INSERT INTO SystemAlert (AlertID, MetricID, AlertType, Severity, Message, CreatedAt, ResolvedAt, Status) VALUES (48, NULL, 'Threshold', 'High', 'Five any too glass.', '2025-11-28 20:26:06', '2025-12-01 20:26:06', 'Acknowledged');
INSERT INTO SystemAlert (AlertID, MetricID, AlertType, Severity, Message, CreatedAt, ResolvedAt, Status) VALUES (49, 29, 'Downtime', 'Medium', 'This air continue cup kitchen assume information.', '2025-12-02 19:13:51', '2025-12-04 08:13:51', 'Open');
INSERT INTO SystemAlert (AlertID, MetricID, AlertType, Severity, Message, CreatedAt, ResolvedAt, Status) VALUES (50, NULL, 'Threshold', 'Critical', 'Give standard much for share live finish.', '2025-12-03 00:20:11', '2025-12-05 02:20:11', 'Open');
INSERT INTO SystemAlert (AlertID, MetricID, AlertType, Severity, Message, CreatedAt, ResolvedAt, Status) VALUES (51, 23, 'Threshold', 'Critical', 'Perhaps image use happen.', '2025-12-02 06:52:36', NULL, 'Open');
INSERT INTO SystemAlert (AlertID, MetricID, AlertType, Severity, Message, CreatedAt, ResolvedAt, Status) VALUES (52, 13, 'Threshold', 'Critical', 'Throughout national low indeed action.', '2025-11-30 12:31:55', '2025-12-01 22:31:55', 'Acknowledged');
INSERT INTO SystemAlert (AlertID, MetricID, AlertType, Severity, Message, CreatedAt, ResolvedAt, Status) VALUES (53, 21, 'Threshold', 'Medium', 'Evidence pass imagine street part official share.', '2025-12-03 13:49:18', '2025-12-03 20:49:18', 'Acknowledged');
INSERT INTO SystemAlert (AlertID, MetricID, AlertType, Severity, Message, CreatedAt, ResolvedAt, Status) VALUES (54, NULL, 'Error Spike', 'Medium', 'Style help enjoy see field pretty.', '2025-11-29 19:40:07', NULL, 'Resolved');
INSERT INTO SystemAlert (AlertID, MetricID, AlertType, Severity, Message, CreatedAt, ResolvedAt, Status) VALUES (55, NULL, 'Downtime', 'Low', 'Drop music none who subject cultural.', '2025-11-30 03:39:09', '2025-12-03 00:39:09', 'Resolved');
INSERT INTO SystemAlert (AlertID, MetricID, AlertType, Severity, Message, CreatedAt, ResolvedAt, Status) VALUES (56, NULL, 'Error Spike', 'Medium', 'Prepare technology save agreement approach three choice enter.', '2025-11-28 03:20:13', '2025-11-30 23:20:13', 'Open');
INSERT INTO SystemAlert (AlertID, MetricID, AlertType, Severity, Message, CreatedAt, ResolvedAt, Status) VALUES (57, 23, 'Threshold', 'Low', 'Environment card seven town enough hour recognize.', '2025-11-30 21:18:33', '2025-12-02 11:18:33', 'Acknowledged');
INSERT INTO SystemAlert (AlertID, MetricID, AlertType, Severity, Message, CreatedAt, ResolvedAt, Status) VALUES (58, 16, 'Error Spike', 'Low', 'Mother building phone series.', '2025-12-03 17:49:44', NULL, 'Resolved');
INSERT INTO SystemAlert (AlertID, MetricID, AlertType, Severity, Message, CreatedAt, ResolvedAt, Status) VALUES (59, NULL, 'Error Spike', 'High', 'May challenge heart it learn.', '2025-11-30 20:32:06', NULL, 'Acknowledged');
INSERT INTO SystemAlert (AlertID, MetricID, AlertType, Severity, Message, CreatedAt, ResolvedAt, Status) VALUES (60, NULL, 'Downtime', 'Low', 'Enjoy put fund rule read word author.', '2025-11-30 10:01:05', '2025-12-02 17:01:05', 'Open');
